CustomerID,churn_probability,risk_level
12346.0,0.9147611374308016,HIGH
12347.0,0.1983412215883752,LOW
12348.0,0.2369849342898701,LOW
12350.0,0.6429799319650089,MEDIUM
12352.0,0.646766144634365,MEDIUM
12353.0,0.7477041258011617,MEDIUM
12354.0,0.5558771744138409,MEDIUM
12355.0,0.6065254395372067,MEDIUM
12356.0,0.5829118555284093,MEDIUM
12359.0,0.35465531399026257,LOW
12360.0,0.4040449382109652,MEDIUM
12361.0,0.7626111945149707,HIGH
12362.0,0.4000319986763632,MEDIUM
12363.0,0.5184781483644061,MEDIUM
12365.0,0.5799343386902747,MEDIUM
12370.0,0.2984717959856561,LOW
12372.0,0.4694147497936387,MEDIUM
12373.0,0.645937016730769,MEDIUM
12377.0,0.6197519520201508,MEDIUM
12383.0,0.20985896172332583,LOW
12386.0,0.6305094727359475,MEDIUM
12388.0,0.3245612412725811,LOW
12393.0,0.3705019629431446,LOW
12394.0,0.5864638677427025,MEDIUM
12395.0,0.08978734540134052,LOW
12399.0,0.4667725746116223,MEDIUM
12401.0,0.7981033581648169,HIGH
12402.0,0.7859733606326147,HIGH
12407.0,0.34169455914119473,LOW
12408.0,0.4398666258654872,MEDIUM
12410.0,0.4671255116652611,MEDIUM
12413.0,0.4100847861005833,MEDIUM
12414.0,0.3002539797081561,LOW
12415.0,0.05062079471032185,LOW
12417.0,0.1723022212320801,LOW
12421.0,0.8198668815907941,HIGH
12422.0,0.6518940541941294,MEDIUM
12423.0,0.1675843073222786,LOW
12426.0,0.7105268121005123,MEDIUM
12427.0,0.7661624358041769,HIGH
12428.0,0.06593551585920843,LOW
12429.0,0.3227580035004292,LOW
12431.0,0.05973602276773682,LOW
12433.0,0.954411635827773,HIGH
12434.0,0.6718421646860426,MEDIUM
12435.0,0.5863209395493942,MEDIUM
12437.0,0.04384272047303682,LOW
12441.0,0.7672194887779652,HIGH
12447.0,0.5893065968779861,MEDIUM
12451.0,0.5374291364230859,MEDIUM
12455.0,0.3378178170057201,LOW
12456.0,0.5611364430070686,MEDIUM
12457.0,0.4384626343561971,MEDIUM
12458.0,0.6355864686086777,MEDIUM
12462.0,0.5798874136755217,MEDIUM
12463.0,0.33370878033820867,LOW
12464.0,0.3097331340542717,LOW
12468.0,0.7136938724153145,MEDIUM
12471.0,0.03891978982435083,LOW
12472.0,0.24522050981648233,LOW
12474.0,0.04549308226053856,LOW
12476.0,0.1526650242255995,LOW
12477.0,0.5527904369524363,MEDIUM
12480.0,0.3619952818348495,LOW
12481.0,0.05973602276773682,LOW
12483.0,0.24666566668401266,LOW
12484.0,0.4341055494372547,MEDIUM
12489.0,0.6398295884444057,MEDIUM
12490.0,0.2716755281955383,LOW
12493.0,0.693939271147439,MEDIUM
12494.0,0.452649507759291,MEDIUM
12500.0,0.2537975674949246,LOW
12501.0,0.9055979350708222,HIGH
12502.0,0.1577024395127336,LOW
12506.0,0.8049571967886714,HIGH
12507.0,0.6217917748295797,MEDIUM
12509.0,0.7643298903983855,HIGH
12510.0,0.529381066713842,MEDIUM
12514.0,0.5415047879406556,MEDIUM
12515.0,0.6427982706129391,MEDIUM
12520.0,0.1646680505786712,LOW
12523.0,0.23386112258130837,LOW
12524.0,0.14311244279902105,LOW
12527.0,0.6298282250398393,MEDIUM
12528.0,0.4174286773307103,MEDIUM
12530.0,0.353018156080813,LOW
12539.0,0.5241344637346936,MEDIUM
12540.0,0.048455464044220714,LOW
12541.0,0.6461282340272305,MEDIUM
12545.0,0.6615316703611055,MEDIUM
12547.0,0.6431995219537666,MEDIUM
12551.0,0.7509660269857888,HIGH
12553.0,0.13001585506704993,LOW
12557.0,0.15947463053729233,LOW
12559.0,0.5996548605935276,MEDIUM
12561.0,0.7071542350700444,MEDIUM
12562.0,0.6759646311755729,MEDIUM
12564.0,0.7205803025010039,MEDIUM
12565.0,0.7821877598158213,HIGH
12567.0,0.10326659483792561,LOW
12569.0,0.1321460531309219,LOW
12573.0,0.7181592524506888,MEDIUM
12574.0,0.7490173528126728,MEDIUM
12576.0,0.42475278208126205,MEDIUM
12577.0,0.7491818529980859,MEDIUM
12578.0,0.8085403123976089,HIGH
12580.0,0.6013243154984299,MEDIUM
12582.0,0.38135481750375066,LOW
12583.0,0.10326659483792561,LOW
12584.0,0.7043227988619569,MEDIUM
12585.0,0.38682696970992886,LOW
12590.0,0.49842589141383375,MEDIUM
12591.0,0.6217917748295797,MEDIUM
12592.0,0.7563062410265152,HIGH
12593.0,0.5795845048872981,MEDIUM
12594.0,0.0743418819967608,LOW
12596.0,0.6348875715334812,MEDIUM
12597.0,0.5477714359199883,MEDIUM
12598.0,0.21507023317491394,LOW
12599.0,0.4382525330892417,MEDIUM
12600.0,0.08634025204234896,LOW
12601.0,0.21409109714331986,LOW
12604.0,0.7687068965164285,HIGH
12609.0,0.6531632221430557,MEDIUM
12613.0,0.2760300825224582,LOW
12614.0,0.5845100989620039,MEDIUM
12616.0,0.6983968669741792,MEDIUM
12619.0,0.4154003841442193,MEDIUM
12620.0,0.5591411427526899,MEDIUM
12621.0,0.032568550223371365,LOW
12622.0,0.7196598741782808,MEDIUM
12623.0,0.6406206594814615,MEDIUM
12625.0,0.6430355097466627,MEDIUM
12626.0,0.5485256800948982,MEDIUM
12633.0,0.4873600352598789,MEDIUM
12637.0,0.1780623497184135,LOW
12639.0,0.6334462564331192,MEDIUM
12643.0,0.19971014529452005,LOW
12645.0,0.353018156080813,LOW
12647.0,0.09364644150160303,LOW
12649.0,0.642530190903846,MEDIUM
12651.0,0.7255702979313172,MEDIUM
12652.0,0.5765469914259496,MEDIUM
12653.0,0.5798874136755217,MEDIUM
12654.0,0.6384299301844344,MEDIUM
12656.0,0.3770283959961018,LOW
12662.0,0.20907070550147785,LOW
12664.0,0.37432354474105206,LOW
12665.0,0.8114330760558676,HIGH
12668.0,0.23301250002923068,LOW
12669.0,0.28053572645910363,LOW
12670.0,0.5128506906773538,MEDIUM
12672.0,0.7651156317455882,HIGH
12673.0,0.7108869387939508,MEDIUM
12674.0,0.5287522300272328,MEDIUM
12676.0,0.44768341981336246,MEDIUM
12678.0,0.1262818778420235,LOW
12679.0,0.43580822677544195,MEDIUM
12681.0,0.03402436782786777,LOW
12682.0,0.03125094243871791,LOW
12683.0,0.04727212193482547,LOW
12684.0,0.3892451607802378,LOW
12686.0,0.8670676584997058,HIGH
12690.0,0.6422387658537267,MEDIUM
12691.0,0.5544435863651717,MEDIUM
12693.0,0.32749862536156626,LOW
12695.0,0.7477041258011617,MEDIUM
12700.0,0.33164231857007864,LOW
12701.0,0.5903646723810279,MEDIUM
12705.0,0.1215626515419411,LOW
12707.0,0.6508412042743134,MEDIUM
12708.0,0.1675843073222786,LOW
12709.0,0.053393235422667586,LOW
12710.0,0.5461420918235558,MEDIUM
12712.0,0.04496778905887939,LOW
12714.0,0.3557208109315535,LOW
12717.0,0.5107108124647426,MEDIUM
12720.0,0.043260357429310205,LOW
12721.0,0.2947156879155075,LOW
12724.0,0.817835178135153,HIGH
12725.0,0.7423910834460051,MEDIUM
12726.0,0.2210902756933199,LOW
12727.0,0.32393838504266675,LOW
12728.0,0.360616586057485,LOW
12731.0,0.09134597766096327,LOW
12733.0,0.588304027944052,MEDIUM
12734.0,0.7837949511045424,HIGH
12735.0,0.61804547718857,MEDIUM
12736.0,0.670242002281434,MEDIUM
12738.0,0.8633669332279605,HIGH
12744.0,0.13362418266234502,LOW
12747.0,0.13238354070951147,LOW
12748.0,0.03372529059489093,LOW
12749.0,0.5795174981737677,MEDIUM
12753.0,0.13362418266234502,LOW
12754.0,0.4569773133303842,MEDIUM
12755.0,0.4540623320554543,MEDIUM
12757.0,0.10326659483792561,LOW
12758.0,0.34502404617252574,LOW
12759.0,0.6227748586259458,MEDIUM
12763.0,0.6355303240880054,MEDIUM
12764.0,0.9152383897035444,HIGH
12766.0,0.11901095678740467,LOW
12769.0,0.6719693255410475,MEDIUM
12770.0,0.821871408367762,HIGH
12775.0,0.27230994985321266,LOW
12778.0,0.4143180759731997,MEDIUM
12779.0,0.09868157307158269,LOW
12781.0,0.6226505342225681,MEDIUM
12782.0,0.24433010765702667,LOW
12785.0,0.7205448770806799,MEDIUM
12787.0,0.8717082965440813,HIGH
12790.0,0.6371647673328968,MEDIUM
12791.0,0.9024461800229547,HIGH
12792.0,0.621266686415564,MEDIUM
12793.0,0.5963622100522737,MEDIUM
12797.0,0.7645073839473441,HIGH
12808.0,0.7299055782555227,MEDIUM
12811.0,0.3413447835142894,LOW
12815.0,0.6021549131363235,MEDIUM
12817.0,0.7542947436517927,HIGH
12818.0,0.45805311243200614,MEDIUM
12820.0,0.7509660269857888,HIGH
12821.0,0.7288826043719665,MEDIUM
12823.0,0.32572577199908825,LOW
12826.0,0.4753658658886252,MEDIUM
12829.0,0.6958679570993351,MEDIUM
12831.0,0.7643961392923336,HIGH
12834.0,0.6753460280101712,MEDIUM
12836.0,0.3130814103516388,LOW
12838.0,0.8535117525357667,HIGH
12839.0,0.3493917066319799,LOW
12840.0,0.30633469803785685,LOW
12841.0,0.0430149416247411,LOW
12842.0,0.6140821661637361,MEDIUM
12843.0,0.34099463829608884,LOW
12845.0,0.49575290593458404,MEDIUM
12849.0,0.5415047879406556,MEDIUM
12852.0,0.6744283264745186,MEDIUM
12853.0,0.2886692775961068,LOW
12854.0,0.491171827215435,MEDIUM
12855.0,0.8145263813037288,HIGH
12857.0,0.47979135084996094,MEDIUM
12866.0,0.6096634387437451,MEDIUM
12867.0,0.1474401659046838,LOW
12868.0,0.16875624599873398,LOW
12871.0,0.7724392685090111,HIGH
12872.0,0.5963622100522737,MEDIUM
12873.0,0.6468929805585254,MEDIUM
12875.0,0.7009563301860745,MEDIUM
12876.0,0.701751382473701,MEDIUM
12877.0,0.14107795816030524,LOW
12878.0,0.43784813022249397,MEDIUM
12881.0,0.6541101230005366,MEDIUM
12886.0,0.5209368158309642,MEDIUM
12888.0,0.3920151725854879,LOW
12891.0,0.3514922781848351,LOW
12897.0,0.5455627680475111,MEDIUM
12901.0,0.032568550223371365,LOW
12902.0,0.7726868770172393,HIGH
12908.0,0.5834939864669536,MEDIUM
12909.0,0.19837454532890447,LOW
12910.0,0.43017441687720365,MEDIUM
12913.0,0.4301857076045342,MEDIUM
12915.0,0.8078415198220531,HIGH
12916.0,0.1748627364887524,LOW
12921.0,0.047346450940939096,LOW
12924.0,0.5735669077271369,MEDIUM
12928.0,0.3442583524954732,LOW
12929.0,0.7282891615489518,MEDIUM
12931.0,0.056058210604323006,LOW
12933.0,0.704286666591402,MEDIUM
12935.0,0.4876184696951284,MEDIUM
12937.0,0.518257026893477,MEDIUM
12939.0,0.33600044778441646,LOW
12942.0,0.5370152377394672,MEDIUM
12944.0,0.6500538304838563,MEDIUM
12945.0,0.715629462890295,MEDIUM
12947.0,0.2709832201379204,LOW
12948.0,0.24494016846052766,LOW
12949.0,0.1748627364887524,LOW
12951.0,0.3503367844892336,LOW
12955.0,0.27230994985321266,LOW
12956.0,0.7582473877572868,HIGH
12957.0,0.2901459535451014,LOW
12963.0,0.7401369925497548,MEDIUM
12967.0,0.7121831660963898,MEDIUM
12970.0,0.8560892950805341,HIGH
12971.0,0.028475707999775918,LOW
12974.0,0.7930629425737487,HIGH
12976.0,0.5795174981737677,MEDIUM
12980.0,0.056058210604323006,LOW
12982.0,0.5857427018136272,MEDIUM
12987.0,0.7064436416069854,MEDIUM
12988.0,0.6774926535188577,MEDIUM
12989.0,0.05973602276773682,LOW
12990.0,0.7582473877572868,HIGH
12993.0,0.6055674228829965,MEDIUM
12994.0,0.6568615097548101,MEDIUM
12997.0,0.39861325573796536,LOW
12999.0,0.7492405400633119,MEDIUM
13000.0,0.5001226358370533,MEDIUM
13001.0,0.041553249678793786,LOW
13002.0,0.7282891615489518,MEDIUM
13003.0,0.6021901631124216,MEDIUM
13004.0,0.09199803156155695,LOW
13005.0,0.5717232750715335,MEDIUM
13008.0,0.7859733606326147,HIGH
13011.0,0.8746379931535605,HIGH
13012.0,0.3000129313699229,LOW
13013.0,0.1605720238697853,LOW
13014.0,0.19971014529452005,LOW
13015.0,0.2744053090073739,LOW
13018.0,0.03356625528705665,LOW
13021.0,0.24015422653247903,LOW
13026.0,0.3514922781848351,LOW
13027.0,0.20581088274077503,LOW
13029.0,0.6427982706129391,MEDIUM
13030.0,0.7041744551237563,MEDIUM
13033.0,0.7491818529980859,MEDIUM
13034.0,0.7672194887779652,HIGH
13035.0,0.6832838179495859,MEDIUM
13037.0,0.39518481118765203,LOW
13038.0,0.6014168521086974,MEDIUM
13043.0,0.5477714359199883,MEDIUM
13044.0,0.6086676564684746,MEDIUM
13046.0,0.7525265589189838,HIGH
13047.0,0.06934638144446394,LOW
13048.0,0.41498933341036454,MEDIUM
13049.0,0.8198668815907941,HIGH
13050.0,0.04296597948685613,LOW
13052.0,0.716849789433342,MEDIUM
13055.0,0.5980955379620123,MEDIUM
13059.0,0.6767547660651662,MEDIUM
13060.0,0.6586833922162062,MEDIUM
13064.0,0.7491818529980859,MEDIUM
13065.0,0.9024461800229547,HIGH
13068.0,0.7422087876303911,MEDIUM
13069.0,0.04697772988754495,LOW
13070.0,0.8083513313634618,HIGH
13072.0,0.7542947436517927,HIGH
13077.0,0.5223822559781703,MEDIUM
13078.0,0.03476202851551558,LOW
13081.0,0.048201111635936725,LOW
13082.0,0.14316342976063964,LOW
13085.0,0.6531632221430557,MEDIUM
13089.0,0.03402436782786777,LOW
13090.0,0.07613343474506253,LOW
13092.0,0.41899245817856284,MEDIUM
13093.0,0.7091133420851748,MEDIUM
13094.0,0.14027608402507277,LOW
13097.0,0.2680086776407436,LOW
13098.0,0.03402436782786777,LOW
13101.0,0.764962246540845,HIGH
13102.0,0.034212724952291225,LOW
13104.0,0.6056770852848489,MEDIUM
13107.0,0.6054003537156946,MEDIUM
13108.0,0.7732399393506261,HIGH
13110.0,0.30409305550776305,LOW
13113.0,0.0292722942960532,LOW
13117.0,0.09034048423126785,LOW
13118.0,0.2775026778654969,LOW
13120.0,0.7478717538086868,MEDIUM
13121.0,0.6541101230005366,MEDIUM
13122.0,0.5113032049416344,MEDIUM
13124.0,0.6148404312934397,MEDIUM
13126.0,0.5068449107867157,MEDIUM
13132.0,0.7727165266081045,HIGH
13133.0,0.595897913994263,MEDIUM
13134.0,0.313661506041056,LOW
13135.0,0.8047386638403765,HIGH
13136.0,0.5922742788412246,MEDIUM
13137.0,0.38962830265961473,LOW
13138.0,0.4181965665074364,MEDIUM
13139.0,0.2716755281955383,LOW
13140.0,0.7658906307613809,HIGH
13141.0,0.19715843985652187,LOW
13144.0,0.7462558928768287,MEDIUM
13145.0,0.7511475585779213,HIGH
13148.0,0.08609042989328423,LOW
13149.0,0.6281992376438567,MEDIUM
13151.0,0.7937406966004378,HIGH
13155.0,0.5963622100522737,MEDIUM
13157.0,0.3174523601938644,LOW
13158.0,0.6983968669741792,MEDIUM
13161.0,0.7960701918433146,HIGH
13162.0,0.37432354474105206,LOW
13165.0,0.6528203574588127,MEDIUM
13166.0,0.6496886181803567,MEDIUM
13168.0,0.40348162814414695,MEDIUM
13169.0,0.5673491524369398,MEDIUM
13171.0,0.7719514164164544,HIGH
13173.0,0.7672194887779652,HIGH
13174.0,0.602200258846472,MEDIUM
13178.0,0.14311244279902105,LOW
13183.0,0.19837454532890447,LOW
13184.0,0.23721648196031925,LOW
13185.0,0.7887205519761703,HIGH
13187.0,0.6518940541941294,MEDIUM
13192.0,0.6780571526879645,MEDIUM
13196.0,0.5673491524369398,MEDIUM
13198.0,0.21009629751713144,LOW
13199.0,0.034212724952291225,LOW
13203.0,0.6585449389913021,MEDIUM
13208.0,0.27230994985321266,LOW
13209.0,0.17607480786695415,LOW
13211.0,0.7005494198040285,MEDIUM
13213.0,0.5370152377394672,MEDIUM
13216.0,0.6439394787987864,MEDIUM
13220.0,0.39518481118765203,LOW
13221.0,0.3912029765019338,LOW
13223.0,0.5906824189430298,MEDIUM
13225.0,0.15050037809348943,LOW
13226.0,0.7590132471232034,HIGH
13227.0,0.6671872540282869,MEDIUM
13229.0,0.7181592524506888,MEDIUM
13230.0,0.0409261492783171,LOW
13232.0,0.485896188913624,MEDIUM
13233.0,0.6364940860958497,MEDIUM
13235.0,0.5795174981737677,MEDIUM
13238.0,0.7958872975600462,HIGH
13239.0,0.6757874339899607,MEDIUM
13240.0,0.5001226358370533,MEDIUM
13242.0,0.4782321429237735,MEDIUM
13243.0,0.5287522300272328,MEDIUM
13246.0,0.1543187765959288,LOW
13249.0,0.6718421646860426,MEDIUM
13253.0,0.631490692399794,MEDIUM
13255.0,0.8919021499143771,HIGH
13258.0,0.7142408061687119,MEDIUM
13261.0,0.4200115484314282,MEDIUM
13262.0,0.7525265589189838,HIGH
13263.0,0.034212724952291225,LOW
13265.0,0.4504120692903266,MEDIUM
13266.0,0.1675843073222786,LOW
13267.0,0.04697772988754495,LOW
13268.0,0.23296343802676897,LOW
13269.0,0.18068901498779377,LOW
13270.0,0.789426883391984,HIGH
13280.0,0.5964657539048152,MEDIUM
13282.0,0.5400488649589056,MEDIUM
13284.0,0.7491818529980859,MEDIUM
13285.0,0.315331638679948,LOW
13292.0,0.7106974892312793,MEDIUM
13294.0,0.5464786605883096,MEDIUM
13295.0,0.7491818529980859,MEDIUM
13299.0,0.7726868770172393,HIGH
13301.0,0.38014686917560375,LOW
13304.0,0.6826676131847524,MEDIUM
13305.0,0.211168470412937,LOW
13308.0,0.5461420918235558,MEDIUM
13309.0,0.43083883679750407,MEDIUM
13310.0,0.4362137615807927,MEDIUM
13313.0,0.3353625268001883,LOW
13316.0,0.363174801341633,LOW
13317.0,0.25447843297198175,LOW
13319.0,0.04158834544497406,LOW
13320.0,0.41793553906459063,MEDIUM
13324.0,0.05973602276773682,LOW
13327.0,0.25262576757688066,LOW
13328.0,0.8598918121405595,HIGH
13329.0,0.6884235841391391,MEDIUM
13330.0,0.6429799319650089,MEDIUM
13334.0,0.8651306725945705,HIGH
13339.0,0.5461420918235558,MEDIUM
13340.0,0.4864674054831337,MEDIUM
13341.0,0.5611364430070686,MEDIUM
13344.0,0.8418156922250746,HIGH
13345.0,0.6888514242299802,MEDIUM
13357.0,0.6332542479389057,MEDIUM
13358.0,0.5889717900784137,MEDIUM
13362.0,0.3595149241188416,LOW
13365.0,0.5209368158309642,MEDIUM
13368.0,0.43920233084612836,MEDIUM
13369.0,0.6644943247282242,MEDIUM
13370.0,0.7968118469284584,HIGH
13373.0,0.5415047879406556,MEDIUM
13376.0,0.4332007702598968,MEDIUM
13381.0,0.47979135084996094,MEDIUM
13382.0,0.7145477397298096,MEDIUM
13385.0,0.6744926772752042,MEDIUM
13389.0,0.6428635281037028,MEDIUM
13391.0,0.7617895940087098,HIGH
13394.0,0.23623831571646817,LOW
13396.0,0.645937016730769,MEDIUM
13397.0,0.5235107252885507,MEDIUM
13398.0,0.6524838989997448,MEDIUM
13402.0,0.7183463058379609,MEDIUM
13404.0,0.7371643257068976,MEDIUM
13405.0,0.43083883679750407,MEDIUM
13408.0,0.041522662061836024,LOW
13410.0,0.5070052111673046,MEDIUM
13414.0,0.6385881942071784,MEDIUM
13417.0,0.5637390290550655,MEDIUM
13418.0,0.03440771207952684,LOW
13421.0,0.5798874136755217,MEDIUM
13425.0,0.6014168521086974,MEDIUM
13426.0,0.19935479608666595,LOW
13427.0,0.6612135991362045,MEDIUM
13439.0,0.6718421646860426,MEDIUM
13448.0,0.2859370828705319,LOW
13450.0,0.48474404350131445,MEDIUM
13451.0,0.19838894662258608,LOW
13452.0,0.450966029159957,MEDIUM
13453.0,0.6938574481051721,MEDIUM
13455.0,0.7641032698069108,HIGH
13456.0,0.6962260697865906,MEDIUM
13458.0,0.047762495398127006,LOW
13462.0,0.8128676816913644,HIGH
13468.0,0.032749121250070505,LOW
13473.0,0.6894667197775701,MEDIUM
13474.0,0.7578446629487925,HIGH
13475.0,0.19056220083842015,LOW
13476.0,0.5415047879406556,MEDIUM
13477.0,0.41793553906459063,MEDIUM
13479.0,0.6600749497254452,MEDIUM
13481.0,0.396391341949335,LOW
13482.0,0.7196598741782808,MEDIUM
13484.0,0.6107257765522575,MEDIUM
13485.0,0.6555574871886863,MEDIUM
13487.0,0.496620391350704,MEDIUM
13488.0,0.06409534080377775,LOW
13489.0,0.45599334463114394,MEDIUM
13491.0,0.08783229659902889,LOW
13492.0,0.4093641046287185,MEDIUM
13493.0,0.41975640494255184,MEDIUM
13494.0,0.5834939864669536,MEDIUM
13495.0,0.2887212960404097,LOW
13496.0,0.582703779011332,MEDIUM
13497.0,0.5229554773879324,MEDIUM
13499.0,0.42475278208126205,MEDIUM
13501.0,0.8668616028080414,HIGH
13502.0,0.6091519781286869,MEDIUM
13505.0,0.2924613834353849,LOW
13506.0,0.6085435964416154,MEDIUM
13508.0,0.7094453728313678,MEDIUM
13509.0,0.2844819280311923,LOW
13512.0,0.715700081898219,MEDIUM
13515.0,0.7116143161607256,MEDIUM
13516.0,0.7876320159654312,HIGH
13520.0,0.2618617292829918,LOW
13523.0,0.2813019374784378,LOW
13524.0,0.6591297725014887,MEDIUM
13525.0,0.6054579904895828,MEDIUM
13527.0,0.43083883679750407,MEDIUM
13529.0,0.6962260697865906,MEDIUM
13531.0,0.5379720434861923,MEDIUM
13533.0,0.6487848500443245,MEDIUM
13534.0,0.03658419937699558,LOW
13538.0,0.3742758077928919,LOW
13539.0,0.5865341810746783,MEDIUM
13544.0,0.6723039669230426,MEDIUM
13546.0,0.7314092056038525,MEDIUM
13548.0,0.5857782565808227,MEDIUM
13549.0,0.4650395172059214,MEDIUM
13551.0,0.7981033581648169,HIGH
13552.0,0.1412206245207155,LOW
13555.0,0.3770283959961018,LOW
13557.0,0.6302129194740926,MEDIUM
13561.0,0.6971665745695766,MEDIUM
13562.0,0.5107108124647426,MEDIUM
13564.0,0.47986636166930496,MEDIUM
13565.0,0.7837949511045424,HIGH
13569.0,0.7429138161346518,MEDIUM
13570.0,0.5223576088416358,MEDIUM
13571.0,0.6601794613206294,MEDIUM
13572.0,0.821871408367762,HIGH
13573.0,0.7145893275044864,MEDIUM
13576.0,0.06632368645587032,LOW
13577.0,0.42107207850589684,MEDIUM
13579.0,0.7563348937956698,HIGH
13581.0,0.7282891615489518,MEDIUM
13584.0,0.7719514164164544,HIGH
13588.0,0.6765307168635261,MEDIUM
13590.0,0.3892451607802378,LOW
13591.0,0.4332007702598968,MEDIUM
13592.0,0.37078193775819,LOW
13593.0,0.3412935686735854,LOW
13599.0,0.10845363629050978,LOW
13600.0,0.7490173528126728,MEDIUM
13601.0,0.642530190903846,MEDIUM
13606.0,0.38852951299163446,LOW
13610.0,0.437066728850995,MEDIUM
13611.0,0.5963231732458472,MEDIUM
13614.0,0.7491818529980859,MEDIUM
13615.0,0.6487361131945552,MEDIUM
13623.0,0.3333236069775341,LOW
13626.0,0.715700081898219,MEDIUM
13627.0,0.41919929648812765,MEDIUM
13629.0,0.14311244279902105,LOW
13630.0,0.4044562919687788,MEDIUM
13631.0,0.16928805379414855,LOW
13632.0,0.38385887018313436,LOW
13634.0,0.39074339414777565,LOW
13636.0,0.4347212599466991,MEDIUM
13637.0,0.556395641252185,MEDIUM
13642.0,0.6179989771836675,MEDIUM
13647.0,0.5582688213232953,MEDIUM
13649.0,0.5291951650948287,MEDIUM
13650.0,0.4332007702598968,MEDIUM
13652.0,0.46991742387829044,MEDIUM
13654.0,0.13487234298575917,LOW
13655.0,0.5770781841965985,MEDIUM
13656.0,0.7395794044403592,MEDIUM
13657.0,0.8021461065992668,HIGH
13658.0,0.5461420918235558,MEDIUM
13659.0,0.3871417227888591,LOW
13662.0,0.5393748053405397,MEDIUM
13666.0,0.731317458993124,MEDIUM
13668.0,0.033981503478639555,LOW
13672.0,0.7676722481224074,HIGH
13675.0,0.6279898210374287,MEDIUM
13680.0,0.778525814754614,HIGH
13684.0,0.7118262248491849,MEDIUM
13692.0,0.5215271167580657,MEDIUM
13694.0,0.02180763526627457,LOW
13695.0,0.4188721353614593,MEDIUM
13700.0,0.22695899866462294,LOW
13703.0,0.7582473877572868,HIGH
13705.0,0.6688242043654046,MEDIUM
13706.0,0.7032374390916802,MEDIUM
13707.0,0.5214531142466982,MEDIUM
13708.0,0.6541101230005366,MEDIUM
13709.0,0.6346723283657225,MEDIUM
13711.0,0.3944981458207984,LOW
13712.0,0.7244337551997821,MEDIUM
13715.0,0.6519206480196958,MEDIUM
13716.0,0.7726868770172393,HIGH
13717.0,0.37104657056550866,LOW
13718.0,0.5831375535366733,MEDIUM
13719.0,0.462764907729161,MEDIUM
13720.0,0.4399566324465288,MEDIUM
13722.0,0.8191182980762493,HIGH
13723.0,0.7097371539212649,MEDIUM
13725.0,0.07228241430481824,LOW
13728.0,0.41227144329343,MEDIUM
13731.0,0.38385887018313436,LOW
13735.0,0.5228313163993242,MEDIUM
13736.0,0.6648054116269182,MEDIUM
13737.0,0.6214010610650263,MEDIUM
13740.0,0.6577573972974912,MEDIUM
13741.0,0.6641561701802687,MEDIUM
13742.0,0.1645142807101082,LOW
13743.0,0.4432405032211085,MEDIUM
13744.0,0.5798874136755217,MEDIUM
13747.0,0.9245211268495833,HIGH
13748.0,0.30970686373591244,LOW
13750.0,0.3545972473103415,LOW
13751.0,0.666427527860323,MEDIUM
13752.0,0.27230994985321266,LOW
13753.0,0.5942130638126527,MEDIUM
13754.0,0.8198668815907941,HIGH
13756.0,0.22526390487465725,LOW
13758.0,0.15158445413861932,LOW
13760.0,0.7965257468211393,HIGH
13762.0,0.5798153601636458,MEDIUM
13764.0,0.582703779011332,MEDIUM
13767.0,0.03286939138873927,LOW
13769.0,0.1675843073222786,LOW
13771.0,0.48576209798195435,MEDIUM
13772.0,0.7578446629487925,HIGH
13777.0,0.041522662061836024,LOW
13781.0,0.6877897227451294,MEDIUM
13782.0,0.4714064809953643,MEDIUM
13784.0,0.2459318793201604,LOW
13786.0,0.7443637306631633,MEDIUM
13787.0,0.7717648888027903,HIGH
13792.0,0.7977267154710359,HIGH
13798.0,0.032169993092595335,LOW
13799.0,0.6429799319650089,MEDIUM
13800.0,0.6086676564684746,MEDIUM
13802.0,0.23224335044939207,LOW
13803.0,0.6718421646860426,MEDIUM
13804.0,0.5610891022968033,MEDIUM
13807.0,0.8080083346850852,HIGH
13809.0,0.8198668815907941,HIGH
13811.0,0.47324971076867206,MEDIUM
13815.0,0.5798874136755217,MEDIUM
13817.0,0.7120246680804252,MEDIUM
13819.0,0.4974106697478103,MEDIUM
13821.0,0.6404296321578717,MEDIUM
13824.0,0.16024150752314187,LOW
13831.0,0.2901459535451014,LOW
13835.0,0.5469199632863329,MEDIUM
13837.0,0.5953621263730489,MEDIUM
13838.0,0.7542390972814932,HIGH
13841.0,0.8112324380272713,HIGH
13842.0,0.08112715913272738,LOW
13846.0,0.4995609758130698,MEDIUM
13848.0,0.48504161575368226,MEDIUM
13851.0,0.6429167565533485,MEDIUM
13854.0,0.031679688863855804,LOW
13856.0,0.6615668879586478,MEDIUM
13859.0,0.7491818529980859,MEDIUM
13862.0,0.27611595291295005,LOW
13863.0,0.6065296199269261,MEDIUM
13865.0,0.7128429445963136,MEDIUM
13867.0,0.7397500810585798,MEDIUM
13869.0,0.3195684448561412,LOW
13870.0,0.6226505342225681,MEDIUM
13871.0,0.15158445413861932,LOW
13873.0,0.5111229445948393,MEDIUM
13874.0,0.6744926772752042,MEDIUM
13875.0,0.38750201580703786,LOW
13880.0,0.23721648196031925,LOW
13881.0,0.11652607740485399,LOW
13883.0,0.1711436774510685,LOW
13884.0,0.47590695302374986,MEDIUM
13885.0,0.5789708136944215,MEDIUM
13887.0,0.6885160470651827,MEDIUM
13888.0,0.5309757767097047,MEDIUM
13890.0,0.7491818529980859,MEDIUM
13892.0,0.781919665138318,HIGH
13893.0,0.5798874136755217,MEDIUM
13894.0,0.752136955823778,HIGH
13898.0,0.817835178135153,HIGH
13899.0,0.6541101230005366,MEDIUM
13900.0,0.3938550863193639,LOW
13901.0,0.34684932655245626,LOW
13904.0,0.7517468273171191,HIGH
13908.0,0.35103082703733607,LOW
13911.0,0.0847494746845456,LOW
13918.0,0.7670103909539936,HIGH
13922.0,0.7509660269857888,HIGH
13929.0,0.645608566865278,MEDIUM
13931.0,0.6468929805585254,MEDIUM
13932.0,0.6396571736836874,MEDIUM
13934.0,0.5415047879406556,MEDIUM
13939.0,0.7099093080173163,MEDIUM
13941.0,0.37602953927594357,LOW
13946.0,0.5522884276369814,MEDIUM
13948.0,0.7557277534578936,HIGH
13950.0,0.7187090374099411,MEDIUM
13951.0,0.38135481750375066,LOW
13952.0,0.6843590804159212,MEDIUM
13953.0,0.1646680505786712,LOW
13955.0,0.7517468273171191,HIGH
13956.0,0.5076749399959581,MEDIUM
13959.0,0.5229554773879324,MEDIUM
13962.0,0.6870174966981434,MEDIUM
13963.0,0.630303481490188,MEDIUM
13969.0,0.08700342316177756,LOW
13971.0,0.23623831571646817,LOW
13972.0,0.7509488014122662,HIGH
13973.0,0.7106974892312793,MEDIUM
13975.0,0.3506552295946497,LOW
13976.0,0.6107973122681948,MEDIUM
13982.0,0.5851002049965603,MEDIUM
13983.0,0.22189320642394492,LOW
13984.0,0.2641647407312635,LOW
13985.0,0.31812497739008505,LOW
13988.0,0.40936936153407794,MEDIUM
13989.0,0.5363733273204,MEDIUM
13990.0,0.671156080000189,MEDIUM
13993.0,0.1711107263859797,LOW
13995.0,0.5601216680970819,MEDIUM
13999.0,0.11095987109812261,LOW
14000.0,0.5926081985689958,MEDIUM
14001.0,0.37432354474105206,LOW
14004.0,0.5942130638126527,MEDIUM
14005.0,0.6644702051727819,MEDIUM
14006.0,0.4826708314366426,MEDIUM
14009.0,0.5946755328359501,MEDIUM
14012.0,0.6581601057114193,MEDIUM
14013.0,0.729116021773094,MEDIUM
14016.0,0.09749626864013754,LOW
14021.0,0.38963609387422055,LOW
14022.0,0.6067217874607959,MEDIUM
14023.0,0.7436994270901235,MEDIUM
14030.0,0.19166515943556584,LOW
14031.0,0.032169993092595335,LOW
14032.0,0.16104448222463857,LOW
14035.0,0.42814867337658974,MEDIUM
14036.0,0.6641486509249916,MEDIUM
14037.0,0.7627196345406512,HIGH
14038.0,0.5461420918235558,MEDIUM
14040.0,0.14532541969799795,LOW
14041.0,0.7726868770172393,HIGH
14044.0,0.7535187584293025,HIGH
14045.0,0.31764012744229236,LOW
14046.0,0.8284304759348747,HIGH
14047.0,0.46831748662987305,MEDIUM
14048.0,0.6487361131945552,MEDIUM
14049.0,0.5329677315737066,MEDIUM
14051.0,0.04727212193482547,LOW
14056.0,0.03125543028814132,LOW
14057.0,0.048718579979191504,LOW
14059.0,0.7107698881408882,MEDIUM
14060.0,0.04496778905887939,LOW
14062.0,0.07152286427346435,LOW
14064.0,0.30551214326650145,LOW
14066.0,0.8204837493151701,HIGH
14068.0,0.6983968669741792,MEDIUM
14071.0,0.5291951650948287,MEDIUM
14075.0,0.6586833922162062,MEDIUM
14077.0,0.5538419975951169,MEDIUM
14078.0,0.36412773640838003,LOW
14081.0,0.5884213212914007,MEDIUM
14082.0,0.7672194887779652,HIGH
14083.0,0.3875319159855023,LOW
14085.0,0.04815792211366745,LOW
14088.0,0.8886392292460618,HIGH
14090.0,0.7857257347398799,HIGH
14092.0,0.09748110722520574,LOW
14099.0,0.16513332434521485,LOW
14101.0,0.10811039058238256,LOW
14105.0,0.7355497451684222,MEDIUM
14107.0,0.1723022212320801,LOW
14110.0,0.3227580035004292,LOW
14111.0,0.5856666726291633,MEDIUM
14112.0,0.15859846960411927,LOW
14113.0,0.5846366834477381,MEDIUM
14114.0,0.5070052111673046,MEDIUM
14127.0,0.5001226358370533,MEDIUM
14128.0,0.6586833922162062,MEDIUM
14129.0,0.6648054116269182,MEDIUM
14130.0,0.6693623858804846,MEDIUM
14133.0,0.5834939864669536,MEDIUM
14135.0,0.05902324479368983,LOW
14142.0,0.8796067416240195,HIGH
14145.0,0.379908194812309,LOW
14146.0,0.3591289917193268,LOW
14147.0,0.7643298903983855,HIGH
14148.0,0.792613735587766,HIGH
14149.0,0.5687942006924094,MEDIUM
14150.0,0.6364940860958497,MEDIUM
14152.0,0.6444402827642743,MEDIUM
14154.0,0.3889427821675717,LOW
14155.0,0.729116021773094,MEDIUM
14156.0,0.03324610358971982,LOW
14157.0,0.666427527860323,MEDIUM
14159.0,0.34684932655245626,LOW
14161.0,0.25662682456820385,LOW
14162.0,0.7535187584293025,HIGH
14163.0,0.5101991218601069,MEDIUM
14165.0,0.729116021773094,MEDIUM
14167.0,0.5124479900895778,MEDIUM
14173.0,0.6923793952340059,MEDIUM
14175.0,0.6172024286483426,MEDIUM
14176.0,0.6488093668596976,MEDIUM
14180.0,0.032749121250070505,LOW
14185.0,0.7491818529980859,MEDIUM
14188.0,0.3482427782048543,LOW
14189.0,0.04496778905887939,LOW
14191.0,0.518257026893477,MEDIUM
14193.0,0.610866555133896,MEDIUM
14194.0,0.06826231334922306,LOW
14195.0,0.43580822677544195,MEDIUM
14198.0,0.7088652776436132,MEDIUM
14199.0,0.7196598741782808,MEDIUM
14201.0,0.2795604242916462,LOW
14205.0,0.7145477397298096,MEDIUM
14206.0,0.6362612550233925,MEDIUM
14209.0,0.31886834312912643,LOW
14210.0,0.22582179070179131,LOW
14211.0,0.24666566668401266,LOW
14214.0,0.5903316998171961,MEDIUM
14215.0,0.4699868937683531,MEDIUM
14217.0,0.12150558249787749,LOW
14220.0,0.43129661898307187,MEDIUM
14221.0,0.38610505960101094,LOW
14223.0,0.6406206594814615,MEDIUM
14224.0,0.2943867554715097,LOW
14226.0,0.3557208109315535,LOW
14227.0,0.1331494035364125,LOW
14229.0,0.5092279904963399,MEDIUM
14231.0,0.38385887018313436,LOW
14232.0,0.5415047879406556,MEDIUM
14233.0,0.29550055495682465,LOW
14235.0,0.37432354474105206,LOW
14236.0,0.8078415198220531,HIGH
14237.0,0.9068542029896315,HIGH
14238.0,0.7695311979227685,HIGH
14239.0,0.08634025204234896,LOW
14240.0,0.7272645177247429,MEDIUM
14242.0,0.5664631001528612,MEDIUM
14243.0,0.19166515943556584,LOW
14245.0,0.40997409472661817,MEDIUM
14246.0,0.5758953763490045,MEDIUM
14247.0,0.7531287334771605,HIGH
14248.0,0.6856273630013315,MEDIUM
14256.0,0.4394603421849578,MEDIUM
14257.0,0.6508412042743134,MEDIUM
14258.0,0.051300622520595404,LOW
14262.0,0.5054752209882889,MEDIUM
14264.0,0.6870174966981434,MEDIUM
14267.0,0.4398666258654872,MEDIUM
14270.0,0.5952997634961031,MEDIUM
14271.0,0.7662432416540049,HIGH
14272.0,0.8311457962926826,HIGH
14273.0,0.5890783120767277,MEDIUM
14276.0,0.6251799731165989,MEDIUM
14277.0,0.8613073615035116,HIGH
14280.0,0.8539894222848976,HIGH
14282.0,0.1412206245207155,LOW
14286.0,0.8400851189500278,HIGH
14287.0,0.6571208923972267,MEDIUM
14288.0,0.6353809103532717,MEDIUM
14289.0,0.4376206347687162,MEDIUM
14290.0,0.7189295634040016,MEDIUM
14291.0,0.17768780465647013,LOW
14292.0,0.47979135084996094,MEDIUM
14293.0,0.5704875076811857,MEDIUM
14297.0,0.674181577256388,MEDIUM
14298.0,0.044005615496144616,LOW
14299.0,0.2979172954091921,LOW
14304.0,0.5864638677427025,MEDIUM
14307.0,0.16582365809055033,LOW
14309.0,0.24678932580925583,LOW
14311.0,0.5601216680970819,MEDIUM
14312.0,0.342524917150689,LOW
14315.0,0.48669751171598113,MEDIUM
14320.0,0.4441124181458432,MEDIUM
14321.0,0.5692034678839469,MEDIUM
14323.0,0.5667563710277119,MEDIUM
14326.0,0.6671218776773181,MEDIUM
14329.0,0.3451179968215149,LOW
14334.0,0.13438620899704454,LOW
14336.0,0.43017441687720365,MEDIUM
14338.0,0.7105268121005123,MEDIUM
14339.0,0.5601216680970819,MEDIUM
14340.0,0.7514706271714413,HIGH
14341.0,0.2166366382754454,LOW
14342.0,0.558031460333009,MEDIUM
14344.0,0.15301590733780365,LOW
14346.0,0.6983968669741792,MEDIUM
14348.0,0.6675321183684189,MEDIUM
14350.0,0.6541101230005366,MEDIUM
14352.0,0.40225210250165006,MEDIUM
14353.0,0.7288826043719665,MEDIUM
14355.0,0.7672194887779652,HIGH
14364.0,0.47979135084996094,MEDIUM
14367.0,0.08974148919869836,LOW
14368.0,0.8198668815907941,HIGH
14371.0,0.7582473877572868,HIGH
14373.0,0.7857257347398799,HIGH
14377.0,0.5355116671945358,MEDIUM
14379.0,0.7488407580888387,MEDIUM
14386.0,0.7719514164164544,HIGH
14388.0,0.13487234298575917,LOW
14390.0,0.2984672801704226,LOW
14393.0,0.7210535940111223,MEDIUM
14395.0,0.14458652457540666,LOW
14396.0,0.8361301889454642,HIGH
14397.0,0.44542828881483004,MEDIUM
14401.0,0.5996548605935276,MEDIUM
14403.0,0.4000319986763632,MEDIUM
14404.0,0.30409305550776305,LOW
14407.0,0.43580822677544195,MEDIUM
14408.0,0.4971342027065644,MEDIUM
14409.0,0.500953381855734,MEDIUM
14410.0,0.11453074427667566,LOW
14411.0,0.5665805933820653,MEDIUM
14413.0,0.7429138161346518,MEDIUM
14414.0,0.7464336896517074,MEDIUM
14415.0,0.24811483927776004,LOW
14419.0,0.6649226645695709,MEDIUM
14421.0,0.7069373259656707,MEDIUM
14422.0,0.602419032991298,MEDIUM
14423.0,0.6428635281037028,MEDIUM
14426.0,0.3319182572405925,LOW
14428.0,0.44450842324756173,MEDIUM
14431.0,0.7034510394410749,MEDIUM
14437.0,0.8519937290983819,HIGH
14438.0,0.819092861601975,HIGH
14439.0,0.8918034320230904,HIGH
14440.0,0.4832859321346796,MEDIUM
14441.0,0.6648054116269182,MEDIUM
14442.0,0.3770283959961018,LOW
14443.0,0.5881676205169725,MEDIUM
14446.0,0.5501713250770015,MEDIUM
14447.0,0.5798920185415495,MEDIUM
14448.0,0.7717648888027903,HIGH
14449.0,0.43973282587935,MEDIUM
14450.0,0.5303168128020587,MEDIUM
14451.0,0.7629048497055128,HIGH
14457.0,0.7282891615489518,MEDIUM
14460.0,0.3795264842099038,LOW
14461.0,0.5611364430070686,MEDIUM
14462.0,0.12576653120475062,LOW
14463.0,0.6677181030950092,MEDIUM
14465.0,0.3705019629431446,LOW
14466.0,0.3229474676529783,LOW
14467.0,0.819092861601975,HIGH
14470.0,0.666427527860323,MEDIUM
14472.0,0.2420465556632022,LOW
14473.0,0.798776463218671,HIGH
14475.0,0.6396571736836874,MEDIUM
14476.0,0.7643961392923336,HIGH
14477.0,0.7019422711576488,MEDIUM
14479.0,0.6872369615580447,MEDIUM
14481.0,0.6137169760863003,MEDIUM
14482.0,0.6877997379232662,MEDIUM
14483.0,0.7531287334771605,HIGH
14487.0,0.6859945114878913,MEDIUM
14489.0,0.6780571526879645,MEDIUM
14491.0,0.7377574335226436,MEDIUM
14496.0,0.6692034987599439,MEDIUM
14497.0,0.6346723283657225,MEDIUM
14498.0,0.7509660269857888,HIGH
14499.0,0.6704967767798714,MEDIUM
14501.0,0.45022830102249933,MEDIUM
14502.0,0.14929433479356363,LOW
14504.0,0.3714533679787248,LOW
14505.0,0.10326659483792561,LOW
14506.0,0.4845789494902293,MEDIUM
14507.0,0.2761854227238629,LOW
14512.0,0.6298462626026076,MEDIUM
14513.0,0.6274056589975853,MEDIUM
14514.0,0.4771467830143731,MEDIUM
14515.0,0.556395641252185,MEDIUM
14520.0,0.7019422711576488,MEDIUM
14522.0,0.6893179491353447,MEDIUM
14524.0,0.2570328439455357,LOW
14525.0,0.15364547002513887,LOW
14527.0,0.028226011648863767,LOW
14530.0,0.35129986258461293,LOW
14532.0,0.2570328439455357,LOW
14533.0,0.5846366834477381,MEDIUM
14534.0,0.04384272047303682,LOW
14535.0,0.5281723488308647,MEDIUM
14536.0,0.7687068965164285,HIGH
14538.0,0.773231837160276,HIGH
14540.0,0.7517468273171191,HIGH
14541.0,0.11757047583406981,LOW
14543.0,0.045653084460220685,LOW
14544.0,0.6676839294374854,MEDIUM
14546.0,0.4876184696951284,MEDIUM
14548.0,0.5725588718180394,MEDIUM
14549.0,0.6531632221430557,MEDIUM
14551.0,0.6030459535746782,MEDIUM
14553.0,0.6212321053071365,MEDIUM
14555.0,0.7517468273171191,HIGH
14560.0,0.03685091792590437,LOW
14562.0,0.26669774288144454,LOW
14565.0,0.3557208109315535,LOW
14570.0,0.6428370578607338,MEDIUM
14572.0,0.32308653943788224,LOW
14573.0,0.08634025204234896,LOW
14576.0,0.8342459011828832,HIGH
14577.0,0.42475278208126205,MEDIUM
14583.0,0.6962260697865906,MEDIUM
14584.0,0.518257026893477,MEDIUM
14586.0,0.7080196268010708,MEDIUM
14587.0,0.09766308298363077,LOW
14589.0,0.8145263813037288,HIGH
14591.0,0.6768997721229296,MEDIUM
14593.0,0.5370152377394672,MEDIUM
14594.0,0.9019514145465951,HIGH
14595.0,0.7422087876303911,MEDIUM
14600.0,0.6385881942071784,MEDIUM
14603.0,0.6197374103195418,MEDIUM
14606.0,0.031481563359873746,LOW
14607.0,0.5511928671112815,MEDIUM
14608.0,0.7655154012138803,HIGH
14609.0,0.7719514164164544,HIGH
14616.0,0.37413440779194673,LOW
14618.0,0.7464336896517074,MEDIUM
14619.0,0.5857427018136272,MEDIUM
14620.0,0.462764907729161,MEDIUM
14621.0,0.6364940860958497,MEDIUM
14623.0,0.7310304655007307,MEDIUM
14625.0,0.6016547850132804,MEDIUM
14626.0,0.5034592427659018,MEDIUM
14628.0,0.6547339792952953,MEDIUM
14631.0,0.4154003841442193,MEDIUM
14632.0,0.744504811403195,MEDIUM
14633.0,0.7038936934615367,MEDIUM
14636.0,0.5901442349477892,MEDIUM
14639.0,0.4068998654935774,MEDIUM
14640.0,0.5894342895533183,MEDIUM
14643.0,0.6427982706129391,MEDIUM
14644.0,0.7517468273171191,HIGH
14645.0,0.6302129194740926,MEDIUM
14646.0,0.029042765402383024,LOW
14647.0,0.5576766773996471,MEDIUM
14649.0,0.46437756494219207,MEDIUM
14651.0,0.6453414325894954,MEDIUM
14653.0,0.5983761116564107,MEDIUM
14655.0,0.5209368158309642,MEDIUM
14656.0,0.8197117970918778,HIGH
14657.0,0.41532804830739634,MEDIUM
14659.0,0.12831185975193865,LOW
14662.0,0.3138666230335397,LOW
14665.0,0.4384971148511877,MEDIUM
14667.0,0.03493796251745061,LOW
14669.0,0.22526903859876643,LOW
14670.0,0.5070052111673046,MEDIUM
14672.0,0.3993075468608974,LOW
14673.0,0.7170512499500001,MEDIUM
14676.0,0.15859846960411927,LOW
14680.0,0.016285219888715865,LOW
14681.0,0.6351505975863171,MEDIUM
14682.0,0.37061226998775193,LOW
14684.0,0.3193882164618215,LOW
14688.0,0.04815792211366745,LOW
14689.0,0.7453253774151286,MEDIUM
14691.0,0.5920154707234159,MEDIUM
14692.0,0.3665453314254424,LOW
14693.0,0.7542947436517927,HIGH
14696.0,0.2692596186361405,LOW
14697.0,0.5538419975951169,MEDIUM
14699.0,0.7142459024409078,MEDIUM
14700.0,0.5363733273204,MEDIUM
14701.0,0.177401035425112,LOW
14702.0,0.4954483631933426,MEDIUM
14705.0,0.7758411793606774,HIGH
14708.0,0.684693916613873,MEDIUM
14709.0,0.11183449538114129,LOW
14711.0,0.1675843073222786,LOW
14713.0,0.06834580904424363,LOW
14715.0,0.7236652920939518,MEDIUM
14719.0,0.6701092670624851,MEDIUM
14723.0,0.6080746158829367,MEDIUM
14727.0,0.6992771324549442,MEDIUM
14729.0,0.8809260939125156,HIGH
14730.0,0.30970686373591244,LOW
14731.0,0.389998329255122,LOW
14732.0,0.22181349303986111,LOW
14733.0,0.032568550223371365,LOW
14735.0,0.043873116210788474,LOW
14737.0,0.5846366834477381,MEDIUM
14738.0,0.4124359735988528,MEDIUM
14739.0,0.2351508737934961,LOW
14740.0,0.3136846844388248,LOW
14741.0,0.5956246216003205,MEDIUM
14744.0,0.8081103377218706,HIGH
14745.0,0.6429167565533485,MEDIUM
14747.0,0.6247583031298455,MEDIUM
14748.0,0.3000129313699229,LOW
14754.0,0.7675682138727502,HIGH
14755.0,0.1425125189367902,LOW
14758.0,0.13487234298575917,LOW
14759.0,0.5340418567827441,MEDIUM
14760.0,0.7981033581648169,HIGH
14761.0,0.7557277534578936,HIGH
14762.0,0.6865281696781554,MEDIUM
14766.0,0.1980437731865509,LOW
14769.0,0.14392278571153386,LOW
14770.0,0.4509888553735785,MEDIUM
14775.0,0.7401534632500599,MEDIUM
14776.0,0.2796494478452223,LOW
14778.0,0.6429799319650089,MEDIUM
14779.0,0.3841398139693386,LOW
14782.0,0.7517468273171191,HIGH
14784.0,0.7487866666805443,MEDIUM
14790.0,0.8318788319138273,HIGH
14794.0,0.34819080504935285,LOW
14796.0,0.04387677066475377,LOW
14798.0,0.7880227359543462,HIGH
14800.0,0.06020831526376311,LOW
14803.0,0.4174286773307103,MEDIUM
14805.0,0.7861070157140835,HIGH
14810.0,0.04382326758576969,LOW
14813.0,0.7345398069413328,MEDIUM
14816.0,0.7587227851244089,HIGH
14817.0,0.47979135084996094,MEDIUM
14818.0,0.744504811403195,MEDIUM
14819.0,0.8319070358999328,HIGH
14821.0,0.8328293487894675,HIGH
14823.0,0.7182215189847597,MEDIUM
14825.0,0.24666566668401266,LOW
14828.0,0.3672831389081668,LOW
14829.0,0.6450698107480972,MEDIUM
14834.0,0.5054752209882889,MEDIUM
14837.0,0.519487418281027,MEDIUM
14840.0,0.8428115683142638,HIGH
14841.0,0.28354699690328106,LOW
14842.0,0.6140821661637361,MEDIUM
14844.0,0.5113032049416344,MEDIUM
14849.0,0.05944551856584034,LOW
14850.0,0.620433278088241,MEDIUM
14851.0,0.7670103909539936,HIGH
14852.0,0.5511928671112815,MEDIUM
14853.0,0.7212190298602776,MEDIUM
14854.0,0.13585285686170995,LOW
14859.0,0.5950134656724186,MEDIUM
14865.0,0.8342459011828832,HIGH
14866.0,0.7717648888027903,HIGH
14867.0,0.38385887018313436,LOW
14868.0,0.5337751819618552,MEDIUM
14870.0,0.6757874339899607,MEDIUM
14871.0,0.44570721730127744,MEDIUM
14873.0,0.5358238870824329,MEDIUM
14875.0,0.6648054116269182,MEDIUM
14878.0,0.24666566668401266,LOW
14880.0,0.7267177756462027,MEDIUM
14883.0,0.5911870187430667,MEDIUM
14886.0,0.6648054116269182,MEDIUM
14888.0,0.6107973122681948,MEDIUM
14889.0,0.8006484147170668,HIGH
14890.0,0.6877897227451294,MEDIUM
14895.0,0.2568748305568882,LOW
14896.0,0.4441124181458432,MEDIUM
14897.0,0.7535187584293025,HIGH
14898.0,0.37832168457393345,LOW
14901.0,0.4560901290283755,MEDIUM
14903.0,0.1646680505786712,LOW
14905.0,0.5529613968995503,MEDIUM
14907.0,0.466576453938755,MEDIUM
14911.0,0.03402436782786777,LOW
14912.0,0.5942217912501054,MEDIUM
14913.0,0.41975640494255184,MEDIUM
14915.0,0.7726868770172393,HIGH
14916.0,0.6500538304838563,MEDIUM
14920.0,0.4694147497936387,MEDIUM
14921.0,0.5461420918235558,MEDIUM
14924.0,0.5601216680970819,MEDIUM
14930.0,0.3995520028255277,LOW
14931.0,0.43083883679750407,MEDIUM
14932.0,0.7401369925497548,MEDIUM
14934.0,0.5415047879406556,MEDIUM
14935.0,0.8786537796226208,HIGH
14936.0,0.34502404617252574,LOW
14944.0,0.16558318333574,LOW
14948.0,0.5941412152201023,MEDIUM
14952.0,0.05973602276773682,LOW
14957.0,0.8339882398224884,HIGH
14958.0,0.6995096129714884,MEDIUM
14959.0,0.3742279367760078,LOW
14961.0,0.12311533347008319,LOW
14962.0,0.6704967767798714,MEDIUM
14964.0,0.7116143161607256,MEDIUM
14970.0,0.39083124183523726,LOW
14973.0,0.4130042412092678,MEDIUM
14976.0,0.7239852038675878,MEDIUM
14978.0,0.20229813892966683,LOW
14981.0,0.7238607459064078,MEDIUM
14985.0,0.5939522938757019,MEDIUM
14987.0,0.7563348937956698,HIGH
14988.0,0.6395605300552897,MEDIUM
14995.0,0.729116021773094,MEDIUM
14998.0,0.6519468810282221,MEDIUM
15002.0,0.35816696798437914,LOW
15005.0,0.04697772988754495,LOW
15012.0,0.9024461800229547,HIGH
15018.0,0.5988536783042125,MEDIUM
15019.0,0.6992771324549442,MEDIUM
15021.0,0.2362663159487338,LOW
15023.0,0.14414288065639894,LOW
15024.0,0.3921656273391459,LOW
15026.0,0.48796642325308937,MEDIUM
15027.0,0.26159659601003654,LOW
15028.0,0.7655154012138803,HIGH
15030.0,0.8204837493151701,HIGH
15031.0,0.8004930730977805,HIGH
15032.0,0.5488286193412738,MEDIUM
15033.0,0.17737067924991137,LOW
15034.0,0.17886784250677581,LOW
15038.0,0.2807016057788892,LOW
15039.0,0.03631221460392166,LOW
15042.0,0.8217389644327535,HIGH
15044.0,0.04158834544497406,LOW
15045.0,0.6940691642988233,MEDIUM
15046.0,0.04866707786285917,LOW
15047.0,0.6901070803751675,MEDIUM
15048.0,0.3944981458207984,LOW
15049.0,0.729116021773094,MEDIUM
15052.0,0.7490173528126728,MEDIUM
15053.0,0.7145477397298096,MEDIUM
15057.0,0.39386200220348516,LOW
15058.0,0.20283114218655626,LOW
15059.0,0.29690269405920705,LOW
15061.0,0.04207745667207218,LOW
15062.0,0.2672913354393474,LOW
15063.0,0.642530190903846,MEDIUM
15065.0,0.37432354474105206,LOW
15067.0,0.5415047879406556,MEDIUM
15068.0,0.6485117449371024,MEDIUM
15070.0,0.81323814639174,HIGH
15071.0,0.614633113253154,MEDIUM
15078.0,0.03358445375698866,LOW
15079.0,0.27273757609639065,LOW
15081.0,0.6466163731363728,MEDIUM
15083.0,0.8112324380272713,HIGH
15087.0,0.6406206594814615,MEDIUM
15090.0,0.645937016730769,MEDIUM
15092.0,0.3742279367760078,LOW
15093.0,0.10326659483792561,LOW
15095.0,0.5461420918235558,MEDIUM
15100.0,0.478447817632789,MEDIUM
15101.0,0.7557277534578936,HIGH
15104.0,0.6016547850132804,MEDIUM
15106.0,0.5003308827602292,MEDIUM
15107.0,0.8765573542741232,HIGH
15108.0,0.7097371539212649,MEDIUM
15109.0,0.6257643314370032,MEDIUM
15110.0,0.7535187584293025,HIGH
15111.0,0.7727202464991344,HIGH
15114.0,0.26222033648348186,LOW
15116.0,0.6066818671654199,MEDIUM
15117.0,0.5337464488165194,MEDIUM
15119.0,0.6348875715334812,MEDIUM
15121.0,0.666427527860323,MEDIUM
15122.0,0.43580822677544195,MEDIUM
15123.0,0.5326278804607965,MEDIUM
15125.0,0.09260657574005751,LOW
15128.0,0.5189211199284616,MEDIUM
15129.0,0.2515384157000264,LOW
15132.0,0.41466067548632174,MEDIUM
15133.0,0.460013806024498,MEDIUM
15134.0,0.3977380424261944,LOW
15135.0,0.7876320159654312,HIGH
15139.0,0.6818532007317388,MEDIUM
15140.0,0.43017441687720365,MEDIUM
15143.0,0.6428635281037028,MEDIUM
15144.0,0.13358567890629505,LOW
15145.0,0.3974877885058214,LOW
15146.0,0.5798874136755217,MEDIUM
15147.0,0.49381567878856586,MEDIUM
15150.0,0.5185120950430743,MEDIUM
15157.0,0.4341055494372547,MEDIUM
15159.0,0.041522662061836024,LOW
15160.0,0.817835178135153,HIGH
15163.0,0.8717082965440813,HIGH
15164.0,0.462764907729161,MEDIUM
15165.0,0.8531861757825329,HIGH
15167.0,0.7422087876303911,MEDIUM
15171.0,0.8771946216704103,HIGH
15172.0,0.4722572238721904,MEDIUM
15174.0,0.8190968712420306,HIGH
15178.0,0.5039523893981037,MEDIUM
15179.0,0.23177887567373817,LOW
15180.0,0.8099508932578899,HIGH
15181.0,0.5901442349477892,MEDIUM
15182.0,0.6468929805585254,MEDIUM
15187.0,0.5637441776200813,MEDIUM
15189.0,0.03433817931225894,LOW
15192.0,0.568961037190705,MEDIUM
15194.0,0.03636996850191646,LOW
15197.0,0.4368479537353019,MEDIUM
15199.0,0.44151515375419176,MEDIUM
15201.0,0.43083883679750407,MEDIUM
15203.0,0.3922851279745071,LOW
15204.0,0.5801614790068632,MEDIUM
15206.0,0.38051190107306204,LOW
15208.0,0.3975904702804756,LOW
15210.0,0.6481463521694836,MEDIUM
15211.0,0.7401369925497548,MEDIUM
15212.0,0.7059426361748499,MEDIUM
15213.0,0.6219022288000132,MEDIUM
15214.0,0.5178063086097439,MEDIUM
15218.0,0.1577024395127336,LOW
15220.0,0.2775026778654969,LOW
15221.0,0.7818505145320211,HIGH
15222.0,0.6508412042743134,MEDIUM
15223.0,0.3974877885058214,LOW
15224.0,0.6452838880532533,MEDIUM
15225.0,0.5912704439449705,MEDIUM
15226.0,0.8198668815907941,HIGH
15227.0,0.24494016846052766,LOW
15228.0,0.5798874136755217,MEDIUM
15230.0,0.4399566324465288,MEDIUM
15234.0,0.7525265589189838,HIGH
15235.0,0.05578280354469063,LOW
15236.0,0.620433278088241,MEDIUM
15237.0,0.47979135084996094,MEDIUM
15240.0,0.4042343372989437,MEDIUM
15241.0,0.35104118311727894,LOW
15244.0,0.6054579904895828,MEDIUM
15245.0,0.7186907116242471,MEDIUM
15246.0,0.38135481750375066,LOW
15249.0,0.26460432219790647,LOW
15251.0,0.49884317623073676,MEDIUM
15257.0,0.5845100989620039,MEDIUM
15258.0,0.5213051487535437,MEDIUM
15260.0,0.24666566668401266,LOW
15262.0,0.7727069764761569,HIGH
15265.0,0.5228313163993242,MEDIUM
15266.0,0.7255702979313172,MEDIUM
15270.0,0.20343517044509024,LOW
15271.0,0.20805143174358734,LOW
15279.0,0.6500538304838563,MEDIUM
15281.0,0.08112715913272738,LOW
15288.0,0.17768780465647013,LOW
15289.0,0.6130375345422331,MEDIUM
15290.0,0.05308397743514679,LOW
15291.0,0.06993457871044255,LOW
15292.0,0.7314092056038525,MEDIUM
15296.0,0.38739203839711195,LOW
15298.0,0.25985580233837924,LOW
15299.0,0.2682157902469722,LOW
15301.0,0.15158445413861932,LOW
15303.0,0.6508412042743134,MEDIUM
15304.0,0.3372455015941224,LOW
15308.0,0.6150728838729322,MEDIUM
15311.0,0.032169993092595335,LOW
15312.0,0.3353625268001883,LOW
15314.0,0.7021207272560862,MEDIUM
15316.0,0.7395794044403592,MEDIUM
15319.0,0.7525265589189838,HIGH
15321.0,0.5851914243461506,MEDIUM
15326.0,0.6714136705177348,MEDIUM
15332.0,0.7450994222069276,MEDIUM
15333.0,0.5461420918235558,MEDIUM
15339.0,0.6983968669741792,MEDIUM
15346.0,0.6955039470524533,MEDIUM
15347.0,0.7655154012138803,HIGH
15350.0,0.8983044077128145,HIGH
15351.0,0.7864975470403575,HIGH
15353.0,0.4701517707411344,MEDIUM
15356.0,0.1321460531309219,LOW
15358.0,0.03423825662069726,LOW
15361.0,0.7198031078785665,MEDIUM
15363.0,0.7237534247115147,MEDIUM
15364.0,0.7203741357159729,MEDIUM
15365.0,0.7517468273171191,HIGH
15366.0,0.7557277534578936,HIGH
15367.0,0.38114284246449914,LOW
15370.0,0.2901459535451014,LOW
15373.0,0.06781428966640217,LOW
15376.0,0.4130042412092678,MEDIUM
15379.0,0.10326659483792561,LOW
15380.0,0.7443637306631633,MEDIUM
15381.0,0.46437756494219207,MEDIUM
15382.0,0.3770283959961018,LOW
15384.0,0.5963231732458472,MEDIUM
15388.0,0.7726868770172393,HIGH
15392.0,0.7035435060231569,MEDIUM
15393.0,0.8078561182513166,HIGH
15394.0,0.40936936153407794,MEDIUM
15395.0,0.7557277534578936,HIGH
15397.0,0.7854567895157425,HIGH
15400.0,0.49086461952651933,MEDIUM
15402.0,0.7495547117343618,MEDIUM
15406.0,0.6983968669741792,MEDIUM
15407.0,0.38014686917560375,LOW
15408.0,0.6992771324549442,MEDIUM
15410.0,0.1425125189367902,LOW
15414.0,0.6722824752542415,MEDIUM
15415.0,0.6508412042743134,MEDIUM
15416.0,0.28723237857535716,LOW
15421.0,0.24015422653247903,LOW
15422.0,0.7339332774771651,MEDIUM
15424.0,0.5268232605190692,MEDIUM
15426.0,0.5128851259240343,MEDIUM
15433.0,0.5393748053405397,MEDIUM
15434.0,0.6543837401196327,MEDIUM
15436.0,0.49607082720380136,MEDIUM
15437.0,0.7670103909539936,HIGH
15440.0,0.6030459535746782,MEDIUM
15442.0,0.5963106334362741,MEDIUM
15443.0,0.587958897167929,MEDIUM
15445.0,0.729116021773094,MEDIUM
15447.0,0.817835178135153,HIGH
15448.0,0.5985952473248882,MEDIUM
15449.0,0.5107053339727202,MEDIUM
15452.0,0.7630852642008019,HIGH
15454.0,0.7672194887779652,HIGH
15456.0,0.5681327910080052,MEDIUM
15457.0,0.7241534729894044,MEDIUM
15460.0,0.7464336896517074,MEDIUM
15464.0,0.5632140609207952,MEDIUM
15465.0,0.046234321750379136,LOW
15482.0,0.2618617292829918,LOW
15483.0,0.729116021773094,MEDIUM
15485.0,0.585756932044354,MEDIUM
15489.0,0.716849789433342,MEDIUM
15491.0,0.1789152121522729,LOW
15493.0,0.40701497463683606,MEDIUM
15497.0,0.5798874136755217,MEDIUM
15498.0,0.041522662061836024,LOW
15502.0,0.2682157902469722,LOW
15503.0,0.784920013621664,HIGH
15508.0,0.2876665555536892,LOW
15510.0,0.6955039470524533,MEDIUM
15512.0,0.7557277534578936,HIGH
15513.0,0.03631221460392166,LOW
15514.0,0.0870150401418764,LOW
15517.0,0.6428635281037028,MEDIUM
15518.0,0.2166366382754454,LOW
15521.0,0.1542229776181948,LOW
15525.0,0.8809260939125156,HIGH
15527.0,0.2672913354393474,LOW
15528.0,0.7821409270806795,HIGH
15529.0,0.07172263713490679,LOW
15530.0,0.5463012929259089,MEDIUM
15532.0,0.489592970440495,MEDIUM
15535.0,0.37952621194149677,LOW
15543.0,0.6825138743702871,MEDIUM
15544.0,0.18996723579422778,LOW
15545.0,0.8333084739566151,HIGH
15547.0,0.1331494035364125,LOW
15549.0,0.5798874136755217,MEDIUM
15550.0,0.752350274799525,HIGH
15552.0,0.7684872988837299,HIGH
15554.0,0.749802804093885,MEDIUM
15555.0,0.15429020874259544,LOW
15561.0,0.5931459427120277,MEDIUM
15562.0,0.7803088437698567,HIGH
15563.0,0.4332007702598968,MEDIUM
15569.0,0.6500538304838563,MEDIUM
15570.0,0.05123744924831451,LOW
15572.0,0.2692596186361405,LOW
15574.0,0.4921287691467469,MEDIUM
15577.0,0.3795264842099038,LOW
15579.0,0.7517468273171191,HIGH
15581.0,0.1375222350804851,LOW
15582.0,0.5798153601636458,MEDIUM
15587.0,0.5983761116564107,MEDIUM
15589.0,0.41404036105446745,MEDIUM
15594.0,0.666759214704017,MEDIUM
15596.0,0.13677885147119637,LOW
15599.0,0.5934466033468736,MEDIUM
15601.0,0.03476202851551558,LOW
15602.0,0.38487626859813223,LOW
15605.0,0.30409305550776305,LOW
15606.0,0.06915269820147296,LOW
15607.0,0.7557277534578936,HIGH
15611.0,0.49751065576251596,MEDIUM
15615.0,0.04727212193482547,LOW
15620.0,0.4509888553735785,MEDIUM
15622.0,0.24811483927776004,LOW
15624.0,0.6207705368734376,MEDIUM
15625.0,0.5228313163993242,MEDIUM
15626.0,0.6500538304838563,MEDIUM
15628.0,0.32464998390101274,LOW
15630.0,0.5648353713384464,MEDIUM
15632.0,0.16137205159560583,LOW
15636.0,0.6406206594814615,MEDIUM
15640.0,0.05650317249665441,LOW
15641.0,0.3041403144981248,LOW
15643.0,0.6439394787987864,MEDIUM
15644.0,0.4407875095401571,MEDIUM
15646.0,0.4420789607938278,MEDIUM
15648.0,0.4761511522029391,MEDIUM
15649.0,0.5855004929381191,MEDIUM
15651.0,0.7821409270806795,HIGH
15655.0,0.541253760222217,MEDIUM
15656.0,0.584281584742804,MEDIUM
15658.0,0.3629815219624997,LOW
15660.0,0.24666566668401266,LOW
15661.0,0.7551024070412388,HIGH
15665.0,0.8110415436349485,HIGH
15668.0,0.8049571967886714,HIGH
15669.0,0.7525265589189838,HIGH
15670.0,0.7535187584293025,HIGH
15671.0,0.28946569976793557,LOW
15673.0,0.2784919514795529,LOW
15674.0,0.2653894061613175,LOW
15675.0,0.4743340201353823,MEDIUM
15676.0,0.5809060051939615,MEDIUM
15680.0,0.707022880117392,MEDIUM
15681.0,0.49086461952651933,MEDIUM
15687.0,0.32128688425577406,LOW
15689.0,0.7557277534578936,HIGH
15691.0,0.7675882067824574,HIGH
15694.0,0.0784854463078969,LOW
15695.0,0.5070052111673046,MEDIUM
15696.0,0.07868561637498306,LOW
15703.0,0.749802804093885,MEDIUM
15704.0,0.46828456948398295,MEDIUM
15705.0,0.7509488014122662,HIGH
15708.0,0.18068901498779377,LOW
15709.0,0.8197117970918778,HIGH
15712.0,0.603358248228703,MEDIUM
15713.0,0.7672194887779652,HIGH
15716.0,0.2775026778654969,LOW
15717.0,0.8056802547140575,HIGH
15719.0,0.08962663801782748,LOW
15722.0,0.620433278088241,MEDIUM
15723.0,0.7655154012138803,HIGH
15724.0,0.6256673161984931,MEDIUM
15727.0,0.1293179122138757,LOW
15729.0,0.7863172964202326,HIGH
15730.0,0.6780571526879645,MEDIUM
15732.0,0.5629993569503553,MEDIUM
15733.0,0.7529158648277168,HIGH
15734.0,0.5591411427526899,MEDIUM
15737.0,0.5893065968779861,MEDIUM
15738.0,0.04496778905887939,LOW
15745.0,0.6695877669397973,MEDIUM
15749.0,0.6899269604406455,MEDIUM
15750.0,0.48344925436966985,MEDIUM
15752.0,0.3039283765647772,LOW
15753.0,0.7577086961611788,HIGH
15754.0,0.7676486022826631,HIGH
15755.0,0.38565617126669327,LOW
15756.0,0.4096583343178092,MEDIUM
15757.0,0.6428635281037028,MEDIUM
15759.0,0.46808177119156574,MEDIUM
15764.0,0.3995520028255277,LOW
15768.0,0.4441124181458432,MEDIUM
15769.0,0.029042765402383024,LOW
15775.0,0.7197753346530379,MEDIUM
15777.0,0.22695899866462294,LOW
15780.0,0.4347264675197697,MEDIUM
15781.0,0.7577086961611788,HIGH
15785.0,0.48576209798195435,MEDIUM
15789.0,0.6528203574588127,MEDIUM
15791.0,0.7062615412829266,MEDIUM
15793.0,0.6406206594814615,MEDIUM
15796.0,0.2680546826357201,LOW
15797.0,0.1427300903304653,LOW
15799.0,0.5801614790068632,MEDIUM
15800.0,0.5274315256746666,MEDIUM
15804.0,0.5493301771686029,MEDIUM
15805.0,0.24811483927776004,LOW
15806.0,0.6865281696781554,MEDIUM
15808.0,0.7062279807370794,MEDIUM
15809.0,0.257796546726932,LOW
15810.0,0.4226621539279172,MEDIUM
15811.0,0.16104448222463857,LOW
15812.0,0.4368479537353019,MEDIUM
15813.0,0.40936936153407794,MEDIUM
15815.0,0.22083851006941183,LOW
15819.0,0.421025799817309,MEDIUM
15820.0,0.7517468273171191,HIGH
15822.0,0.6547722866225146,MEDIUM
15823.0,0.910778291782852,HIGH
15826.0,0.5461420918235558,MEDIUM
15827.0,0.08369655673961932,LOW
15831.0,0.6108311659309135,MEDIUM
15832.0,0.5611364430070686,MEDIUM
15834.0,0.39386200220348516,LOW
15835.0,0.39304197197073154,LOW
15838.0,0.05650317249665441,LOW
15841.0,0.38385887018313436,LOW
15843.0,0.7282891615489518,MEDIUM
15845.0,0.19837454532890447,LOW
15847.0,0.7643298903983855,HIGH
15852.0,0.7767741133485911,HIGH
15854.0,0.0762256545718669,LOW
15855.0,0.31480648207259176,LOW
15856.0,0.032568550223371365,LOW
15858.0,0.45324963678726693,MEDIUM
15860.0,0.36557045105964125,LOW
15861.0,0.4174286773307103,MEDIUM
15862.0,0.3578885835178402,LOW
15863.0,0.9222546715885697,HIGH
15864.0,0.6292376797342001,MEDIUM
15865.0,0.673912927454098,MEDIUM
15867.0,0.04430837696232203,LOW
15869.0,0.6487848500443245,MEDIUM
15874.0,0.13146003071568424,LOW
15880.0,0.7549319707309472,HIGH
15881.0,0.8020956532406956,HIGH
15882.0,0.5281355801173339,MEDIUM
15885.0,0.8482036510955542,HIGH
15889.0,0.7009563301860745,MEDIUM
15891.0,0.5105591185689632,MEDIUM
15894.0,0.6872734810684789,MEDIUM
15897.0,0.7120283313530843,MEDIUM
15898.0,0.23721648196031925,LOW
15899.0,0.8328293487894675,HIGH
15903.0,0.4758964728335484,MEDIUM
15906.0,0.2362663159487338,LOW
15907.0,0.6278717341685791,MEDIUM
15910.0,0.3097331340542717,LOW
15912.0,0.7397500810585798,MEDIUM
15916.0,0.20246135605696608,LOW
15917.0,0.6963367111134013,MEDIUM
15918.0,0.7726868770172393,HIGH
15919.0,0.7864975470403575,HIGH
15922.0,0.8472590163003055,HIGH
15923.0,0.7377574335226436,MEDIUM
15925.0,0.8323736100595189,HIGH
15932.0,0.13950864897678336,LOW
15935.0,0.4585785683776343,MEDIUM
15938.0,0.36208463589735834,LOW
15939.0,0.034337581469304636,LOW
15940.0,0.7295990040486658,MEDIUM
15944.0,0.6214177430756823,MEDIUM
15945.0,0.7672194887779652,HIGH
15950.0,0.556237347041336,MEDIUM
15951.0,0.6593335413309664,MEDIUM
15952.0,0.615647796891424,MEDIUM
15953.0,0.27273757609639065,LOW
15955.0,0.19837454532890447,LOW
15965.0,0.830708204674175,HIGH
15967.0,0.7535187584293025,HIGH
15970.0,0.6771709364670587,MEDIUM
15971.0,0.24380635096634007,LOW
15973.0,0.6884235841391391,MEDIUM
15974.0,0.2052895382371169,LOW
15976.0,0.7067259867610565,MEDIUM
15980.0,0.5611364430070686,MEDIUM
15981.0,0.1543187765959288,LOW
15983.0,0.6483798528869161,MEDIUM
15984.0,0.2542960573862627,LOW
15985.0,0.5363733273204,MEDIUM
15987.0,0.3672538048252298,LOW
15990.0,0.6154951456694973,MEDIUM
15996.0,0.34740661866211564,LOW
15998.0,0.3591289917193268,LOW
16003.0,0.3809613802044524,LOW
16005.0,0.7542947436517927,HIGH
16006.0,0.7292291975004301,MEDIUM
16007.0,0.5345791195640694,MEDIUM
16008.0,0.7173360226801658,MEDIUM
16010.0,0.4033235999832187,MEDIUM
16011.0,0.10768851537952306,LOW
16013.0,0.0292722942960532,LOW
16014.0,0.6983968669741792,MEDIUM
16016.0,0.452649507759291,MEDIUM
16019.0,0.09512082564393284,LOW
16022.0,0.6615316703611055,MEDIUM
16023.0,0.3064711150183015,LOW
16027.0,0.28085502081314406,LOW
16029.0,0.029387599174534658,LOW
16030.0,0.7032374390916802,MEDIUM
16031.0,0.6065296199269261,MEDIUM
16033.0,0.03358445375698866,LOW
16034.0,0.6896498840794536,MEDIUM
16036.0,0.7525265589189838,HIGH
16037.0,0.33029809809950106,LOW
16038.0,0.560775750843133,MEDIUM
16040.0,0.610866555133896,MEDIUM
16042.0,0.33019013790922447,LOW
16043.0,0.37970976182087446,LOW
16045.0,0.3585089630800762,LOW
16048.0,0.8310850057281776,HIGH
16055.0,0.7514706271714413,HIGH
16057.0,0.39736620299184644,LOW
16059.0,0.2844819280311923,LOW
16062.0,0.37104657056550866,LOW
16063.0,0.6619234341238465,MEDIUM
16065.0,0.7401369925497548,MEDIUM
16072.0,0.6641486509249916,MEDIUM
16073.0,0.7282891615489518,MEDIUM
16076.0,0.5848095414590767,MEDIUM
16078.0,0.7584757184877239,HIGH
16080.0,0.7156768246977138,MEDIUM
16081.0,0.450966029159957,MEDIUM
16083.0,0.7035435060231569,MEDIUM
16084.0,0.587958897167929,MEDIUM
16085.0,0.5231014396404128,MEDIUM
16086.0,0.3111897676434806,LOW
16091.0,0.8374765350033858,HIGH
16092.0,0.49034604727272696,MEDIUM
16094.0,0.6428635281037028,MEDIUM
16096.0,0.6214177430756823,MEDIUM
16097.0,0.6985947001359866,MEDIUM
16098.0,0.28763141504700734,LOW
16099.0,0.5213051487535437,MEDIUM
16103.0,0.46878768083452504,MEDIUM
16105.0,0.6099715901020086,MEDIUM
16109.0,0.38385887018313436,LOW
16110.0,0.41348078975320035,MEDIUM
16112.0,0.46783253781640993,MEDIUM
16115.0,0.3201678428520024,LOW
16116.0,0.5623817466853303,MEDIUM
16121.0,0.5424682335368731,MEDIUM
16122.0,0.552054738648142,MEDIUM
16124.0,0.6983968669741792,MEDIUM
16125.0,0.7252887683974247,MEDIUM
16126.0,0.5798874136755217,MEDIUM
16128.0,0.6468929805585254,MEDIUM
16131.0,0.34556021552236543,LOW
16133.0,0.032169993092595335,LOW
16134.0,0.6500538304838563,MEDIUM
16135.0,0.5673491524369398,MEDIUM
16136.0,0.7529158648277168,HIGH
16139.0,0.7173360226801658,MEDIUM
16140.0,0.8532161632243851,HIGH
16142.0,0.6247244153000843,MEDIUM
16143.0,0.15126642763928705,LOW
16144.0,0.7187090374099411,MEDIUM
16145.0,0.1656565061596339,LOW
16146.0,0.4214337569557368,MEDIUM
16148.0,0.7880227359543462,HIGH
16150.0,0.4200115484314282,MEDIUM
16152.0,0.8394740470175595,HIGH
16153.0,0.4432405032211085,MEDIUM
16156.0,0.3653658735417054,LOW
16159.0,0.6568615097548101,MEDIUM
16161.0,0.04697772988754495,LOW
16162.0,0.7457637712830826,MEDIUM
16163.0,0.4226621539279172,MEDIUM
16168.0,0.04364601688559233,LOW
16170.0,0.38565617126669327,LOW
16172.0,0.6882493630498909,MEDIUM
16175.0,0.4441124181458432,MEDIUM
16180.0,0.14311244279902105,LOW
16182.0,0.49164741095057873,MEDIUM
16184.0,0.7057448405230333,MEDIUM
16185.0,0.5833304812761844,MEDIUM
16186.0,0.27273757609639065,LOW
16187.0,0.0784854463078969,LOW
16188.0,0.39518481118765203,LOW
16191.0,0.3070621685037355,LOW
16193.0,0.6567965550952634,MEDIUM
16202.0,0.7062281516418963,MEDIUM
16203.0,0.35946137218795454,LOW
16206.0,0.5092190770105188,MEDIUM
16208.0,0.5800277821287598,MEDIUM
16209.0,0.5917910327523017,MEDIUM
16210.0,0.03803447715851527,LOW
16212.0,0.599599799470929,MEDIUM
16214.0,0.4368479537353019,MEDIUM
16216.0,0.5415047879406556,MEDIUM
16217.0,0.6346118577476291,MEDIUM
16218.0,0.11919251615993813,LOW
16221.0,0.6146311497790842,MEDIUM
16222.0,0.5798874136755217,MEDIUM
16224.0,0.37104657056550866,LOW
16225.0,0.5070052111673046,MEDIUM
16226.0,0.4566091170762215,MEDIUM
16227.0,0.6198566317978581,MEDIUM
16229.0,0.642530190903846,MEDIUM
16230.0,0.5316627147400761,MEDIUM
16232.0,0.3920151725854879,LOW
16233.0,0.633163184625136,MEDIUM
16235.0,0.497918960099541,MEDIUM
16241.0,0.27273757609639065,LOW
16242.0,0.3920151725854879,LOW
16244.0,0.4425362660183236,MEDIUM
16245.0,0.6412322193873112,MEDIUM
16249.0,0.43580822677544195,MEDIUM
16250.0,0.5268232605190692,MEDIUM
16253.0,0.8667291108820351,HIGH
16255.0,0.2390355495076115,LOW
16256.0,0.5415047879406556,MEDIUM
16258.0,0.5073490957503864,MEDIUM
16261.0,0.6395908779473596,MEDIUM
16265.0,0.3915738395401775,LOW
16266.0,0.32739228213317473,LOW
16270.0,0.5654867872861528,MEDIUM
16271.0,0.8170543760910024,HIGH
16274.0,0.8472590163003055,HIGH
16275.0,0.7105268121005123,MEDIUM
16282.0,0.7509660269857888,HIGH
16283.0,0.5950134656724186,MEDIUM
16293.0,0.2515384157000264,LOW
16297.0,0.6865281696781554,MEDIUM
16303.0,0.5765469914259496,MEDIUM
16306.0,0.45492261413852947,MEDIUM
16308.0,0.4000319986763632,MEDIUM
16309.0,0.5739253485940373,MEDIUM
16315.0,0.7651156317455882,HIGH
16316.0,0.1412206245207155,LOW
16317.0,0.6086676564684746,MEDIUM
16319.0,0.6672931450865583,MEDIUM
16320.0,0.5795174981737677,MEDIUM
16321.0,0.6965742400457056,MEDIUM
16323.0,0.8323736100595189,HIGH
16325.0,0.7025636902818128,MEDIUM
16326.0,0.3400872982289853,LOW
16327.0,0.23574688171316938,LOW
16332.0,0.7282891615489518,MEDIUM
16333.0,0.0292722942960532,LOW
16339.0,0.7958759769872766,HIGH
16341.0,0.5461420918235558,MEDIUM
16348.0,0.4000029518447855,MEDIUM
16349.0,0.8220947713542447,HIGH
16350.0,0.6427982706129391,MEDIUM
16351.0,0.817835178135153,HIGH
16353.0,0.05578280354469063,LOW
16356.0,0.7497470729211397,MEDIUM
16357.0,0.7387675331805135,MEDIUM
16359.0,0.2166366382754454,LOW
16365.0,0.26196132839400965,LOW
16367.0,0.7672194887779652,HIGH
16369.0,0.8192386330986642,HIGH
16370.0,0.5316627147400761,MEDIUM
16374.0,0.8318788319138273,HIGH
16377.0,0.6197374103195418,MEDIUM
16378.0,0.3584150028344998,LOW
16383.0,0.6150728838729322,MEDIUM
16384.0,0.6496886181803567,MEDIUM
16385.0,0.750708545860526,HIGH
16386.0,0.8339882398224884,HIGH
16387.0,0.7435598281993705,MEDIUM
16389.0,0.48474404350131445,MEDIUM
16392.0,0.7145477397298096,MEDIUM
16393.0,0.2166366382754454,LOW
16394.0,0.40119531350546184,MEDIUM
16395.0,0.6335289683555767,MEDIUM
16398.0,0.5583146412206345,MEDIUM
16399.0,0.7603234424020792,HIGH
16401.0,0.13438620899704454,LOW
16402.0,0.6194350663351272,MEDIUM
16403.0,0.7535187584293025,HIGH
16405.0,0.7232999293548504,MEDIUM
16407.0,0.28212719156078503,LOW
16409.0,0.3596724399729611,LOW
16411.0,0.8299711081673219,HIGH
16414.0,0.822705659494253,HIGH
16418.0,0.7397500810585798,MEDIUM
16419.0,0.40219476095703205,MEDIUM
16422.0,0.032568550223371365,LOW
16425.0,0.6856273630013315,MEDIUM
16426.0,0.6581601057114193,MEDIUM
16427.0,0.45167623306339566,MEDIUM
16431.0,0.42992608447495106,MEDIUM
16434.0,0.3559731375383022,LOW
16440.0,0.6269233894238955,MEDIUM
16441.0,0.7490173528126728,MEDIUM
16442.0,0.42475278208126205,MEDIUM
16444.0,0.596513531283887,MEDIUM
16446.0,0.8118405957349021,HIGH
16448.0,0.7758411793606774,HIGH
16449.0,0.5946755328359501,MEDIUM
16455.0,0.24666566668401266,LOW
16456.0,0.185295019485069,LOW
16457.0,0.7097371539212649,MEDIUM
16458.0,0.1303047512046909,LOW
16462.0,0.5998799534935199,MEDIUM
16463.0,0.5465079157373682,MEDIUM
16466.0,0.47632655667801727,MEDIUM
16469.0,0.512759342455017,MEDIUM
16470.0,0.4197972222834095,MEDIUM
16471.0,0.7145477397298096,MEDIUM
16473.0,0.6314492448353044,MEDIUM
16475.0,0.6150728838729322,MEDIUM
16477.0,0.2863714211025724,LOW
16483.0,0.8121953532536442,HIGH
16493.0,0.4810785610448217,MEDIUM
16494.0,0.5798874136755217,MEDIUM
16495.0,0.6088876265621262,MEDIUM
16496.0,0.34792564445062896,LOW
16497.0,0.3220922779413581,LOW
16499.0,0.6472458673349067,MEDIUM
16500.0,0.7395794044403592,MEDIUM
16503.0,0.25662682456820385,LOW
16509.0,0.645937016730769,MEDIUM
16510.0,0.8527393284191122,HIGH
16511.0,0.6439394787987864,MEDIUM
16515.0,0.39559771430530316,LOW
16517.0,0.7028165921184941,MEDIUM
16518.0,0.7626111945149707,HIGH
16519.0,0.7717648888027903,HIGH
16520.0,0.39861325573796536,LOW
16523.0,0.06809558245203984,LOW
16525.0,0.034337581469304636,LOW
16531.0,0.6298488212508058,MEDIUM
16532.0,0.9170871297057612,HIGH
16539.0,0.3535033080909084,LOW
16546.0,0.4618396356985984,MEDIUM
16549.0,0.7255702979313172,MEDIUM
16550.0,0.4018556361268154,MEDIUM
16551.0,0.6108311659309135,MEDIUM
16552.0,0.4347264675197697,MEDIUM
16553.0,0.03476202851551558,LOW
16554.0,0.6542335960786321,MEDIUM
16556.0,0.1543187765959288,LOW
16558.0,0.04650241560506208,LOW
16560.0,0.6618728286564375,MEDIUM
16565.0,0.7672194887779652,HIGH
16566.0,0.5803162060494171,MEDIUM
16567.0,0.6504506096590666,MEDIUM
16570.0,0.19837454532890447,LOW
16571.0,0.5889717900784137,MEDIUM
16572.0,0.6901070803751675,MEDIUM
16573.0,0.6531632221430557,MEDIUM
16583.0,0.904201076974384,HIGH
16584.0,0.6332542479389057,MEDIUM
16586.0,0.6801129867757839,MEDIUM
16587.0,0.7272645177247429,MEDIUM
16592.0,0.06781428966640217,LOW
16593.0,0.5126024860047409,MEDIUM
16596.0,0.7429138161346518,MEDIUM
16598.0,0.7821877598158213,HIGH
16600.0,0.5592522848131124,MEDIUM
16607.0,0.07000742559166256,LOW
16609.0,0.2669090453174902,LOW
16610.0,0.8049571967886714,HIGH
16612.0,0.6531632221430557,MEDIUM
16617.0,0.825264628346653,HIGH
16618.0,0.1711107263859797,LOW
16619.0,0.7683135677563646,HIGH
16620.0,0.773231837160276,HIGH
16621.0,0.2943867554715097,LOW
16623.0,0.6724280464039034,MEDIUM
16624.0,0.684974839524018,MEDIUM
16625.0,0.6658625430571424,MEDIUM
16626.0,0.5415047879406556,MEDIUM
16628.0,0.26016558489011293,LOW
16633.0,0.5706554257643597,MEDIUM
16634.0,0.5890783120767277,MEDIUM
16637.0,0.5798153601636458,MEDIUM
16638.0,0.10813966414240636,LOW
16639.0,0.4441124181458432,MEDIUM
16642.0,0.5848095414590767,MEDIUM
16643.0,0.6257643314370032,MEDIUM
16644.0,0.5795174981737677,MEDIUM
16647.0,0.6030459535746782,MEDIUM
16652.0,0.14336488108970327,LOW
16654.0,0.34169455914119473,LOW
16655.0,0.5765469914259496,MEDIUM
16656.0,0.048455464044220714,LOW
16657.0,0.6128905680371841,MEDIUM
16658.0,0.7429138161346518,MEDIUM
16660.0,0.462764907729161,MEDIUM
16665.0,0.7951695680530579,HIGH
16667.0,0.7626111945149707,HIGH
16668.0,0.4811046743780703,MEDIUM
16670.0,0.1909953054727213,LOW
16672.0,0.04248487659246632,LOW
16676.0,0.31886834312912643,LOW
16678.0,0.25447843297198175,LOW
16679.0,0.7299055782555227,MEDIUM
16681.0,0.2775026778654969,LOW
16684.0,0.027793965144275068,LOW
16686.0,0.2717880090656449,LOW
16690.0,0.7788191686342645,HIGH
16692.0,0.412962088467993,MEDIUM
16693.0,0.8204837493151701,HIGH
16696.0,0.3111897676434806,LOW
16697.0,0.7492424067254431,MEDIUM
16698.0,0.3850276319317438,LOW
16700.0,0.07937683110394254,LOW
16701.0,0.1412206245207155,LOW
16705.0,0.03891978982435083,LOW
16709.0,0.23486507187835606,LOW
16710.0,0.07808042440050472,LOW
16711.0,0.5996548605935276,MEDIUM
16712.0,0.15074827967463433,LOW
16713.0,0.05774437619416573,LOW
16714.0,0.1597196264048048,LOW
16716.0,0.4200115484314282,MEDIUM
16717.0,0.6884235841391391,MEDIUM
16718.0,0.789426883391984,HIGH
16719.0,0.24678932580925583,LOW
16721.0,0.6718421646860426,MEDIUM
16722.0,0.11972428545659128,LOW
16725.0,0.8040162172487766,HIGH
16726.0,0.452649507759291,MEDIUM
16727.0,0.7864975470403575,HIGH
16728.0,0.44450842324756173,MEDIUM
16729.0,0.04296597948685613,LOW
16730.0,0.47324971076867206,MEDIUM
16735.0,0.4585791453100293,MEDIUM
16738.0,0.8751344831458351,HIGH
16743.0,0.39736620299184644,LOW
16745.0,0.03902013926949992,LOW
16746.0,0.04984099005667873,LOW
16748.0,0.25806682080478904,LOW
16750.0,0.6923793952340059,MEDIUM
16752.0,0.8078415198220531,HIGH
16754.0,0.9702292360956284,HIGH
16755.0,0.4000319986763632,MEDIUM
16756.0,0.6032231516223542,MEDIUM
16757.0,0.7582473877572868,HIGH
16763.0,0.6021549131363235,MEDIUM
16765.0,0.5988756340067389,MEDIUM
16766.0,0.5579051570749395,MEDIUM
16767.0,0.17607480786695415,LOW
16768.0,0.7107698881408882,MEDIUM
16769.0,0.6648054116269182,MEDIUM
16770.0,0.32586467325834484,LOW
16771.0,0.30256161486068434,LOW
16775.0,0.24666566668401266,LOW
16777.0,0.7687068965164285,HIGH
16778.0,0.798776463218671,HIGH
16779.0,0.046459617573767105,LOW
16780.0,0.7673839551259537,HIGH
16781.0,0.7685340353011173,HIGH
16782.0,0.08634025204234896,LOW
16788.0,0.6718421646860426,MEDIUM
16791.0,0.36412773640838003,LOW
16792.0,0.6089136665116781,MEDIUM
16795.0,0.7424882669871261,MEDIUM
16801.0,0.2795029789701172,LOW
16804.0,0.729116021773094,MEDIUM
16805.0,0.7464336896517074,MEDIUM
16806.0,0.4432405032211085,MEDIUM
16807.0,0.25933523475620324,LOW
16808.0,0.7542947436517927,HIGH
16809.0,0.462764907729161,MEDIUM
16810.0,0.6533957795931977,MEDIUM
16812.0,0.695978825887674,MEDIUM
16813.0,0.6962260697865906,MEDIUM
16814.0,0.028189865277599657,LOW
16816.0,0.6363386962776236,MEDIUM
16817.0,0.1357914429924939,LOW
16818.0,0.4332007702598968,MEDIUM
16823.0,0.5864638677427025,MEDIUM
16832.0,0.47487296471063545,MEDIUM
16833.0,0.3656127482790402,LOW
16834.0,0.5894342895533183,MEDIUM
16835.0,0.9245211268495833,HIGH
16837.0,0.04384272047303682,LOW
16838.0,0.49034604727272696,MEDIUM
16839.0,0.034337581469304636,LOW
16841.0,0.483396339433861,MEDIUM
16842.0,0.5860305058193577,MEDIUM
16843.0,0.05918400281728466,LOW
16850.0,0.6618728286564375,MEDIUM
16858.0,0.7170512499500001,MEDIUM
16859.0,0.715700081898219,MEDIUM
16863.0,0.7563348937956698,HIGH
16871.0,0.17920939090513957,LOW
16873.0,0.13330332287536065,LOW
16875.0,0.4449212865051766,MEDIUM
16877.0,0.7010034751776751,MEDIUM
16882.0,0.6148332100226306,MEDIUM
16883.0,0.7377574335226436,MEDIUM
16885.0,0.7491818529980859,MEDIUM
16889.0,0.38187532522729173,LOW
16891.0,0.7894577905172426,HIGH
16893.0,0.784920013621664,HIGH
16897.0,0.6987589165772997,MEDIUM
16898.0,0.7429138161346518,MEDIUM
16899.0,0.462764907729161,MEDIUM
16904.0,0.08700342316177756,LOW
16905.0,0.2886692775961068,LOW
16906.0,0.5455627680475111,MEDIUM
16907.0,0.3113324058781571,LOW
16912.0,0.13118823144913527,LOW
16913.0,0.7282891615489518,MEDIUM
16915.0,0.5696894120128999,MEDIUM
16916.0,0.8078415198220531,HIGH
16917.0,0.6395529276258927,MEDIUM
16918.0,0.5935550767945338,MEDIUM
16919.0,0.052362561394511474,LOW
16923.0,0.04989274653806246,LOW
16926.0,0.7894577905172426,HIGH
16927.0,0.5093839432912822,MEDIUM
16928.0,0.12259655542945105,LOW
16931.0,0.04430837696232203,LOW
16933.0,0.7578446629487925,HIGH
16938.0,0.6983968669741792,MEDIUM
16940.0,0.5610891022968033,MEDIUM
16942.0,0.3002539797081561,LOW
16943.0,0.30551214326650145,LOW
16945.0,0.0409261492783171,LOW
16947.0,0.5550157247098417,MEDIUM
16948.0,0.47139954601141965,MEDIUM
16949.0,0.28085502081314406,LOW
16950.0,0.7672194887779652,HIGH
16951.0,0.5665805933820653,MEDIUM
16954.0,0.2995455725746976,LOW
16955.0,0.5138701837842847,MEDIUM
16957.0,0.4585785683776343,MEDIUM
16960.0,0.7670103909539936,HIGH
16965.0,0.7097371539212649,MEDIUM
16966.0,0.258235929353534,LOW
16976.0,0.6992771324549442,MEDIUM
16979.0,0.48981938395640845,MEDIUM
16980.0,0.48349618417010165,MEDIUM
16983.0,0.342524917150689,LOW
16985.0,0.08974148919869836,LOW
16987.0,0.69313534099275,MEDIUM
16990.0,0.7196598741782808,MEDIUM
16992.0,0.5618228310374118,MEDIUM
16996.0,0.24077105745447275,LOW
16997.0,0.476982034119304,MEDIUM
16998.0,0.35473640144460716,LOW
17001.0,0.1412206245207155,LOW
17002.0,0.3506552295946497,LOW
17007.0,0.3272771343916283,LOW
17017.0,0.034817405949947915,LOW
17018.0,0.7179127748570896,MEDIUM
17019.0,0.36511914088746084,LOW
17025.0,0.8857655548636496,HIGH
17026.0,0.6168008427495427,MEDIUM
17027.0,0.4790688591317831,MEDIUM
17029.0,0.6014045123167072,MEDIUM
17033.0,0.3353625268001883,LOW
17034.0,0.7821877598158213,HIGH
17035.0,0.41632831900746387,MEDIUM
17041.0,0.6509491486386291,MEDIUM
17042.0,0.5040548011778702,MEDIUM
17043.0,0.7542947436517927,HIGH
17045.0,0.42602025986001185,MEDIUM
17047.0,0.4332007702598968,MEDIUM
17048.0,0.4307010163841322,MEDIUM
17049.0,0.16000990812207772,LOW
17050.0,0.2074300531603838,LOW
17051.0,0.8350792918559381,HIGH
17054.0,0.2680546826357201,LOW
17058.0,0.5132626969375217,MEDIUM
17059.0,0.3136846844388248,LOW
17060.0,0.674181577256388,MEDIUM
17061.0,0.051661781549682526,LOW
17062.0,0.7263472830395735,MEDIUM
17063.0,0.4843113422613765,MEDIUM
17064.0,0.7337023847840675,MEDIUM
17068.0,0.04386217387303317,LOW
17069.0,0.24196252161523277,LOW
17071.0,0.2833495437136343,LOW
17075.0,0.30409305550776305,LOW
17076.0,0.5093839432912822,MEDIUM
17080.0,0.7887205519761703,HIGH
17082.0,0.6784511568763341,MEDIUM
17083.0,0.4480633375917307,MEDIUM
17085.0,0.1880265646850845,LOW
17088.0,0.5611364430070686,MEDIUM
17090.0,0.23638238455811406,LOW
17091.0,0.22498135461863714,LOW
17092.0,0.7833584957699714,HIGH
17094.0,0.7080530883035274,MEDIUM
17095.0,0.5996548605935276,MEDIUM
17096.0,0.7455797634644475,MEDIUM
17097.0,0.6958679570993351,MEDIUM
17102.0,0.46672357037241763,MEDIUM
17105.0,0.5834939864669536,MEDIUM
17107.0,0.49884317623073676,MEDIUM
17109.0,0.42475278208126205,MEDIUM
17114.0,0.3380968777372987,LOW
17115.0,0.5529613968995503,MEDIUM
17117.0,0.7398248179192878,MEDIUM
17118.0,0.8198668815907941,HIGH
17120.0,0.5798153601636458,MEDIUM
17126.0,0.5704875076811857,MEDIUM
17128.0,0.817835178135153,HIGH
17133.0,0.40701497463683606,MEDIUM
17134.0,0.6067528224557239,MEDIUM
17135.0,0.4346752848038649,MEDIUM
17138.0,0.6468929805585254,MEDIUM
17139.0,0.08939266043822243,LOW
17140.0,0.6801129867757839,MEDIUM
17142.0,0.5494213355481503,MEDIUM
17146.0,0.431399924314435,MEDIUM
17147.0,0.43580822677544195,MEDIUM
17152.0,0.4404870269828669,MEDIUM
17158.0,0.48165378166891415,MEDIUM
17160.0,0.315331638679948,LOW
17162.0,0.19633487873870456,LOW
17164.0,0.4694147497936387,MEDIUM
17165.0,0.8284304759348747,HIGH
17166.0,0.6646390028659052,MEDIUM
17171.0,0.7535994680425339,HIGH
17174.0,0.7817511442730256,HIGH
17175.0,0.5860305058193577,MEDIUM
17176.0,0.6543837401196327,MEDIUM
17179.0,0.3399887526993314,LOW
17180.0,0.28830093353545383,LOW
17181.0,0.9276091297081627,HIGH
17187.0,0.7097371539212649,MEDIUM
17188.0,0.3796595413969558,LOW
17189.0,0.7270820933435763,MEDIUM
17190.0,0.6962260697865906,MEDIUM
17191.0,0.3148783969968679,LOW
17194.0,0.6188823617430798,MEDIUM
17198.0,0.6717577066317981,MEDIUM
17204.0,0.3070631571719455,LOW
17211.0,0.155473273288254,LOW
17212.0,0.7821409270806795,HIGH
17213.0,0.4699868937683531,MEDIUM
17214.0,0.4048279861569554,MEDIUM
17217.0,0.7355459164978358,MEDIUM
17218.0,0.2166366382754454,LOW
17220.0,0.1675843073222786,LOW
17223.0,0.6085435964416154,MEDIUM
17226.0,0.6385881942071784,MEDIUM
17227.0,0.4736218259805573,MEDIUM
17228.0,0.22178839580541979,LOW
17230.0,0.7195799710239387,MEDIUM
17231.0,0.14532541969799795,LOW
17235.0,0.7631200510591194,HIGH
17236.0,0.32625497774741463,LOW
17238.0,0.060537581355207336,LOW
17239.0,0.645937016730769,MEDIUM
17243.0,0.07465981425156547,LOW
17245.0,0.6962260697865906,MEDIUM
17250.0,0.7673839551259537,HIGH
17251.0,0.7252887683974247,MEDIUM
17255.0,0.7960701918433146,HIGH
17256.0,0.6695720744862929,MEDIUM
17259.0,0.7170512499500001,MEDIUM
17262.0,0.23721648196031925,LOW
17263.0,0.7870152353801242,HIGH
17268.0,0.45827050720655577,MEDIUM
17272.0,0.48576209798195435,MEDIUM
17277.0,0.44324107665428636,MEDIUM
17278.0,0.5054752209882889,MEDIUM
17282.0,0.5798874136755217,MEDIUM
17284.0,0.4018556361268154,MEDIUM
17287.0,0.1949710084096853,LOW
17288.0,0.4582705184809239,MEDIUM
17291.0,0.6086676564684746,MEDIUM
17293.0,0.6085435964416154,MEDIUM
17302.0,0.5053092901284957,MEDIUM
17303.0,0.7430907966726674,MEDIUM
17306.0,0.028628229903117176,LOW
17311.0,0.6086676564684746,MEDIUM
17314.0,0.30409305550776305,LOW
17315.0,0.04270038186209662,LOW
17320.0,0.41498933341036454,MEDIUM
17323.0,0.414049678605703,MEDIUM
17324.0,0.593164669437482,MEDIUM
17325.0,0.7590132471232034,HIGH
17329.0,0.6292376797342001,MEDIUM
17334.0,0.7551024070412388,HIGH
17337.0,0.18419211481372358,LOW
17338.0,0.10326659483792561,LOW
17339.0,0.8328293487894675,HIGH
17340.0,0.12515922051048473,LOW
17341.0,0.5964966989766013,MEDIUM
17343.0,0.7491818529980859,MEDIUM
17345.0,0.7241372625235935,MEDIUM
17346.0,0.20679522122384858,LOW
17348.0,0.752136955823778,HIGH
17351.0,0.7525265589189838,HIGH
17356.0,0.7535187584293025,HIGH
17358.0,0.6359010994125611,MEDIUM
17361.0,0.4732912627043108,MEDIUM
17362.0,0.6815320892943547,MEDIUM
17364.0,0.1517966675746793,LOW
17365.0,0.23486507187835606,LOW
17367.0,0.7700893071386519,HIGH
17368.0,0.3096339736854979,LOW
17371.0,0.7557277534578936,HIGH
17372.0,0.2390355495076115,LOW
17373.0,0.7719514164164544,HIGH
17374.0,0.3399887526993314,LOW
17375.0,0.60227129628045,MEDIUM
17376.0,0.7582473877572868,HIGH
17377.0,0.12090407119514666,LOW
17381.0,0.032568550223371365,LOW
17384.0,0.7272645177247429,MEDIUM
17388.0,0.4667725746116223,MEDIUM
17389.0,0.03594268606140508,LOW
17392.0,0.6085435964416154,MEDIUM
17394.0,0.7097371539212649,MEDIUM
17396.0,0.7296628183416364,MEDIUM
17398.0,0.3291913192126793,LOW
17400.0,0.16450183379750316,LOW
17402.0,0.24538070328593958,LOW
17404.0,0.05755438605821675,LOW
17406.0,0.48377228355919566,MEDIUM
17409.0,0.6536137923063473,MEDIUM
17410.0,0.5830681957313496,MEDIUM
17411.0,0.6718421646860426,MEDIUM
17412.0,0.452649507759291,MEDIUM
17416.0,0.12160773571336735,LOW
17418.0,0.7727069764761569,HIGH
17419.0,0.10678196683317406,LOW
17420.0,0.40841414609041843,MEDIUM
17422.0,0.38385887018313436,LOW
17423.0,0.5687942006924094,MEDIUM
17426.0,0.3538356963119249,LOW
17428.0,0.044325508810363255,LOW
17429.0,0.7097371539212649,MEDIUM
17430.0,0.8080083346850852,HIGH
17431.0,0.7206782981798684,MEDIUM
17436.0,0.6923793952340059,MEDIUM
17438.0,0.6940691642988233,MEDIUM
17440.0,0.53838885523295,MEDIUM
17442.0,0.4004278703323762,MEDIUM
17443.0,0.6075286963047941,MEDIUM
17446.0,0.5661566550653626,MEDIUM
17449.0,0.2724860817806797,LOW
17450.0,0.024968472118742775,LOW
17454.0,0.5898553594356076,MEDIUM
17455.0,0.7724392685090111,HIGH
17456.0,0.7645073839473441,HIGH
17457.0,0.22526390487465725,LOW
17460.0,0.39143850805921804,LOW
17462.0,0.715629462890295,MEDIUM
17463.0,0.4000319986763632,MEDIUM
17469.0,0.5848095414590767,MEDIUM
17470.0,0.3002539797081561,LOW
17472.0,0.5075942598616505,MEDIUM
17486.0,0.621266686415564,MEDIUM
17489.0,0.7399779547292153,MEDIUM
17491.0,0.1826675181124061,LOW
17492.0,0.6130375345422331,MEDIUM
17496.0,0.7247272956961441,MEDIUM
17499.0,0.6332096015846641,MEDIUM
17501.0,0.5139355258924795,MEDIUM
17504.0,0.36234310359551225,LOW
17505.0,0.6425327963069275,MEDIUM
17507.0,0.450966029159957,MEDIUM
17508.0,0.6468929805585254,MEDIUM
17511.0,0.03324610358971982,LOW
17512.0,0.08634025204234896,LOW
17515.0,0.3111897676434806,LOW
17516.0,0.39411860144105554,LOW
17517.0,0.8198668815907941,HIGH
17519.0,0.2680546826357201,LOW
17521.0,0.774547076318165,HIGH
17522.0,0.35850901750932185,LOW
17524.0,0.7695311979227685,HIGH
17525.0,0.6066081313482437,MEDIUM
17526.0,0.5087026813431834,MEDIUM
17527.0,0.5941412152201023,MEDIUM
17530.0,0.08634025204234896,LOW
17535.0,0.7028165921184941,MEDIUM
17537.0,0.6784511568763341,MEDIUM
17540.0,0.6983968669741792,MEDIUM
17542.0,0.7542947436517927,HIGH
17548.0,0.7248008365554832,MEDIUM
17550.0,0.709043966069417,MEDIUM
17551.0,0.6364940860958497,MEDIUM
17552.0,0.7916259321367203,HIGH
17555.0,0.7491818529980859,MEDIUM
17556.0,0.7733576663308902,HIGH
17560.0,0.5379720434861923,MEDIUM
17567.0,0.16848733409712455,LOW
17569.0,0.6862704580421658,MEDIUM
17571.0,0.5093839432912822,MEDIUM
17572.0,0.6683800085159007,MEDIUM
17574.0,0.7126323467979457,MEDIUM
17576.0,0.04153405031175189,LOW
17578.0,0.7397500810585798,MEDIUM
17580.0,0.607360513727546,MEDIUM
17581.0,0.046224154706481384,LOW
17582.0,0.7700893071386519,HIGH
17585.0,0.40219476095703205,MEDIUM
17588.0,0.5397934472518561,MEDIUM
17589.0,0.49381567878856586,MEDIUM
17591.0,0.13494032551570231,LOW
17593.0,0.6526359393055454,MEDIUM
17594.0,0.5355116671945358,MEDIUM
17596.0,0.4044562919687788,MEDIUM
17597.0,0.8660928713648359,HIGH
17601.0,0.7459840749937244,MEDIUM
17602.0,0.5765469914259496,MEDIUM
17604.0,0.584281584742804,MEDIUM
17609.0,0.6692034987599439,MEDIUM
17611.0,0.09317276190330974,LOW
17612.0,0.3967533911107478,LOW
17613.0,0.11218589832879017,LOW
17615.0,0.4894058760534099,MEDIUM
17616.0,0.5268232605190692,MEDIUM
17618.0,0.4356516702999062,MEDIUM
17619.0,0.7490173528126728,MEDIUM
17621.0,0.5884213212914007,MEDIUM
17624.0,0.5397934472518561,MEDIUM
17625.0,0.5902936673627346,MEDIUM
17629.0,0.2761854227238629,LOW
17630.0,0.5833304812761844,MEDIUM
17631.0,0.6332558409186303,MEDIUM
17634.0,0.1584920949286306,LOW
17639.0,0.7590132471232034,HIGH
17643.0,0.9117876407721062,HIGH
17644.0,0.2680546826357201,LOW
17646.0,0.2770570660946182,LOW
17648.0,0.3905218855185009,LOW
17652.0,0.4135577781718645,MEDIUM
17654.0,0.729116021773094,MEDIUM
17655.0,0.12974241804798814,LOW
17658.0,0.5798771146860645,MEDIUM
17659.0,0.369026454962715,LOW
17663.0,0.39438766828773675,LOW
17664.0,0.6169265872075155,MEDIUM
17667.0,0.22083851006941183,LOW
17669.0,0.17768780465647013,LOW
17670.0,0.7097371539212649,MEDIUM
17671.0,0.41995432423063433,MEDIUM
17672.0,0.5851914243461506,MEDIUM
17673.0,0.3721059197622459,LOW
17674.0,0.7307907992810376,MEDIUM
17675.0,0.032568550223371365,LOW
17676.0,0.7307907992810376,MEDIUM
17677.0,0.044325508810363255,LOW
17678.0,0.6541101230005366,MEDIUM
17682.0,0.3905218855185009,LOW
17685.0,0.5404850334111826,MEDIUM
17686.0,0.10326659483792561,LOW
17690.0,0.04496778905887939,LOW
17691.0,0.6958679570993351,MEDIUM
17692.0,0.3002539797081561,LOW
17696.0,0.24690777656534518,LOW
17697.0,0.621653322028554,MEDIUM
17698.0,0.8318788319138273,HIGH
17700.0,0.5137013999833228,MEDIUM
17701.0,0.6675321183684189,MEDIUM
17702.0,0.5588769672691578,MEDIUM
17704.0,0.6014045123167072,MEDIUM
17705.0,0.2795604242916462,LOW
17706.0,0.43229713765992167,MEDIUM
17707.0,0.7551852601508271,HIGH
17708.0,0.7005494198040285,MEDIUM
17711.0,0.7343196269027893,MEDIUM
17714.0,0.8198668815907941,HIGH
17715.0,0.6426314605066431,MEDIUM
17716.0,0.38114284246449914,LOW
17718.0,0.7397500810585798,MEDIUM
17719.0,0.22723003326575553,LOW
17720.0,0.31202931305294973,LOW
17722.0,0.6337704199464765,MEDIUM
17723.0,0.4332007702598968,MEDIUM
17725.0,0.22090022745862078,LOW
17730.0,0.20107566984529837,LOW
17732.0,0.7399378827287715,MEDIUM
17733.0,0.7643961392923336,HIGH
17734.0,0.6176592731306135,MEDIUM
17735.0,0.044005615496144616,LOW
17738.0,0.5415047879406556,MEDIUM
17739.0,0.5228181200752624,MEDIUM
17742.0,0.6826676131847524,MEDIUM
17744.0,0.23124624310535433,LOW
17746.0,0.737745106936706,MEDIUM
17749.0,0.6648054116269182,MEDIUM
17752.0,0.7551852601508271,HIGH
17754.0,0.715700081898219,MEDIUM
17757.0,0.034133253014310666,LOW
17758.0,0.3653658735417054,LOW
17760.0,0.903280869715425,HIGH
17763.0,0.8487413822514501,HIGH
17764.0,0.6589897140794679,MEDIUM
17765.0,0.4416089331128101,MEDIUM
17769.0,0.4200115484314282,MEDIUM
17770.0,0.4957931388182773,MEDIUM
17771.0,0.7487866666805443,MEDIUM
17774.0,0.3973689604433452,LOW
17775.0,0.8339882398224884,HIGH
17781.0,0.773231837160276,HIGH
17783.0,0.7695665939940357,HIGH
17786.0,0.7282891615489518,MEDIUM
17787.0,0.31156747068440377,LOW
17789.0,0.7683135677563646,HIGH
17790.0,0.0880960357857079,LOW
17795.0,0.7028165921184941,MEDIUM
17796.0,0.4955524692748669,MEDIUM
17799.0,0.10015140574722332,LOW
17800.0,0.30379965264687264,LOW
17802.0,0.7203233390684552,MEDIUM
17809.0,0.07557689551008541,LOW
17811.0,0.034212724952291225,LOW
17812.0,0.7628895606663836,HIGH
17816.0,0.8184640235034201,HIGH
17817.0,0.6015749153301497,MEDIUM
17819.0,0.26460432219790647,LOW
17827.0,0.16339284639485932,LOW
17829.0,0.5798874136755217,MEDIUM
17830.0,0.5988536783042125,MEDIUM
17838.0,0.45236092094787833,MEDIUM
17841.0,0.029435145821645876,LOW
17843.0,0.7517468273171191,HIGH
17848.0,0.3609154505888975,LOW
17849.0,0.3591895904384622,LOW
17850.0,0.958770478249975,HIGH
17854.0,0.7145826698078905,MEDIUM
17855.0,0.8078415198220531,HIGH
17856.0,0.4119321695218128,MEDIUM
17857.0,0.03891978982435083,LOW
17858.0,0.17384803365885815,LOW
17859.0,0.7363699546306643,MEDIUM
17860.0,0.7645073839473441,HIGH
17861.0,0.5001226358370533,MEDIUM
17862.0,0.7249109726397757,MEDIUM
17863.0,0.2618617292829918,LOW
17864.0,0.7525265589189838,HIGH
17865.0,0.056058210604323006,LOW
17867.0,0.43083883679750407,MEDIUM
17869.0,0.33604525825220366,LOW
17870.0,0.625083569317284,MEDIUM
17871.0,0.7733576663308902,HIGH
17873.0,0.15460463198539862,LOW
17874.0,0.29491305967013626,LOW
17880.0,0.7873858615377838,HIGH
17881.0,0.819092861601975,HIGH
17883.0,0.6913757109193913,MEDIUM
17884.0,0.4955524692748669,MEDIUM
17886.0,0.462764907729161,MEDIUM
17888.0,0.37392910889827824,LOW
17889.0,0.6019971545611386,MEDIUM
17890.0,0.6248578301702636,MEDIUM
17893.0,0.7662432416540049,HIGH
17894.0,0.6928079091664672,MEDIUM
17897.0,0.6491277605642333,MEDIUM
17898.0,0.7016185935247875,MEDIUM
17905.0,0.6305094727359475,MEDIUM
17906.0,0.7607875348736944,HIGH
17908.0,0.9115853763865375,HIGH
17912.0,0.8555683717877988,HIGH
17913.0,0.7464336896517074,MEDIUM
17917.0,0.5869607428572506,MEDIUM
17920.0,0.14890098223139062,LOW
17921.0,0.6541101230005366,MEDIUM
17923.0,0.7525265589189838,HIGH
17924.0,0.5704875076811857,MEDIUM
17925.0,0.8241162735018763,HIGH
17926.0,0.69313534099275,MEDIUM
17928.0,0.7232733953411603,MEDIUM
17929.0,0.5001226358370533,MEDIUM
17930.0,0.5937127631600254,MEDIUM
17931.0,0.6718421646860426,MEDIUM
17932.0,0.5623817466853303,MEDIUM
17937.0,0.1665651922099384,LOW
17940.0,0.10404497043500512,LOW
17946.0,0.6070256560528665,MEDIUM
17949.0,0.0292722942960532,LOW
17950.0,0.8106385938831202,HIGH
17951.0,0.6305094727359475,MEDIUM
17954.0,0.06834580904424363,LOW
17955.0,0.5546351223247247,MEDIUM
17956.0,0.8597312405681368,HIGH
17961.0,0.09858253096472706,LOW
17964.0,0.8069695756479199,HIGH
17965.0,0.13607389276746742,LOW
17966.0,0.7863258189265803,HIGH
17967.0,0.788190862129632,HIGH
17968.0,0.882092322585982,HIGH
17969.0,0.6665346851593307,MEDIUM
17970.0,0.5922742788412246,MEDIUM
17972.0,0.6992756637189789,MEDIUM
17974.0,0.7196598741782808,MEDIUM
17975.0,0.07210738501500308,LOW
17976.0,0.7732399393506261,HIGH
17978.0,0.7307907992810376,MEDIUM
17979.0,0.47139954601141965,MEDIUM
17980.0,0.43083883679750407,MEDIUM
17988.0,0.3975904702804756,LOW
17990.0,0.3507802256139622,LOW
17991.0,0.4412608593659403,MEDIUM
17994.0,0.44439004716702873,MEDIUM
17995.0,0.7887205519761703,HIGH
17999.0,0.7655154012138803,HIGH
18004.0,0.7672194887779652,HIGH
18008.0,0.0921500779810852,LOW
18009.0,0.666759214704017,MEDIUM
18010.0,0.7687068965164285,HIGH
18011.0,0.9117876407721062,HIGH
18016.0,0.6484127393028777,MEDIUM
18017.0,0.7019422711576488,MEDIUM
18018.0,0.5588791103805582,MEDIUM
18032.0,0.7857257347398799,HIGH
18036.0,0.6601281073091231,MEDIUM
18037.0,0.17697527028017893,LOW
18040.0,0.6445504641098174,MEDIUM
18041.0,0.05944551856584034,LOW
18043.0,0.4441124181458432,MEDIUM
18044.0,0.131706816959555,LOW
18048.0,0.6055674228829965,MEDIUM
18050.0,0.7857257347398799,HIGH
18055.0,0.056058210604323006,LOW
18056.0,0.6593335413309664,MEDIUM
18061.0,0.13118823144913527,LOW
18062.0,0.5183360162516315,MEDIUM
18064.0,0.5550157247098417,MEDIUM
18065.0,0.0937872822470949,LOW
18068.0,0.7439053724050385,MEDIUM
18069.0,0.312569810684669,LOW
18071.0,0.5001226358370533,MEDIUM
18073.0,0.5353884521502801,MEDIUM
18074.0,0.8106325004469347,HIGH
18075.0,0.08634025204234896,LOW
18077.0,0.23721648196031925,LOW
18078.0,0.4432405032211085,MEDIUM
18079.0,0.3403722727511173,LOW
18080.0,0.5281723488308647,MEDIUM
18085.0,0.6807171596328383,MEDIUM
18086.0,0.7590132471232034,HIGH
18087.0,0.7675109301675076,HIGH
18092.0,0.10404497043500512,LOW
18093.0,0.5293317489762823,MEDIUM
18094.0,0.16582365809055033,LOW
18095.0,0.5996548605935276,MEDIUM
18097.0,0.19837454532890447,LOW
18102.0,0.03324610358971982,LOW
18106.0,0.556237347041336,MEDIUM
18108.0,0.7436994270901235,MEDIUM
18109.0,0.047475030256391784,LOW
18113.0,0.8003138093739048,HIGH
18114.0,0.7490173528126728,MEDIUM
18116.0,0.24043713689535,LOW
18118.0,0.03913414982650765,LOW
18119.0,0.7672194887779652,HIGH
18120.0,0.6697197334581398,MEDIUM
18125.0,0.2680546826357201,LOW
18129.0,0.7617257414542942,HIGH
18133.0,0.5795174981737677,MEDIUM
18136.0,0.46437756494219207,MEDIUM
18138.0,0.8198668815907941,HIGH
18142.0,0.5424682335368731,MEDIUM
18144.0,0.08634739612176898,LOW
18145.0,0.43580822677544195,MEDIUM
18146.0,0.7242147237464605,MEDIUM
18149.0,0.34606124223872786,LOW
18150.0,0.7480923964037686,MEDIUM
18151.0,0.6274173232150101,MEDIUM
18155.0,0.7282891615489518,MEDIUM
18156.0,0.7655154012138803,HIGH
18159.0,0.5256491307545447,MEDIUM
18160.0,0.560775750843133,MEDIUM
18161.0,0.450966029159957,MEDIUM
18168.0,0.24666566668401266,LOW
18170.0,0.5798153601636458,MEDIUM
18171.0,0.4399566324465288,MEDIUM
18172.0,0.06782893641318632,LOW
18173.0,0.2669090453174902,LOW
18176.0,0.631490692399794,MEDIUM
18177.0,0.24666566668401266,LOW
18178.0,0.2796494478452223,LOW
18179.0,0.3001985352900242,LOW
18183.0,0.4135577781718645,MEDIUM
18185.0,0.6065296199269261,MEDIUM
18188.0,0.6314871197493716,MEDIUM
18189.0,0.6435380979571689,MEDIUM
18190.0,0.6463928387120834,MEDIUM
18191.0,0.7670103909539936,HIGH
18196.0,0.6217917748295797,MEDIUM
18198.0,0.03207237286548504,LOW
18202.0,0.3136846844388248,LOW
18204.0,0.5162580329242136,MEDIUM
18210.0,0.7726868770172393,HIGH
18211.0,0.7531287334771605,HIGH
18212.0,0.6955039470524533,MEDIUM
18213.0,0.7578446629487925,HIGH
18218.0,0.562685719651828,MEDIUM
18219.0,0.2166366382754454,LOW
18220.0,0.5798153601636458,MEDIUM
18221.0,0.5967758059673179,MEDIUM
18223.0,0.06580678216196054,LOW
18224.0,0.6981057955989162,MEDIUM
18225.0,0.13438620899704454,LOW
18226.0,0.24811483927776004,LOW
18227.0,0.7684872988837299,HIGH
18229.0,0.04932018953153688,LOW
18230.0,0.16024150752314187,LOW
18231.0,0.25944398366586907,LOW
18232.0,0.4197972222834095,MEDIUM
18233.0,0.6547722866225146,MEDIUM
18235.0,0.5048436018564346,MEDIUM
18236.0,0.6723039669230426,MEDIUM
18239.0,0.3239242498715065,LOW
18241.0,0.5864638677427025,MEDIUM
18242.0,0.5759386434654701,MEDIUM
18245.0,0.15266272094792735,LOW
18246.0,0.615647796891424,MEDIUM
18250.0,0.6559181789018933,MEDIUM
18257.0,0.27230994985321266,LOW
18259.0,0.7170512499500001,MEDIUM
18260.0,0.15158445413861932,LOW
18263.0,0.6586833922162062,MEDIUM
18269.0,0.7672194887779652,HIGH
18270.0,0.7496265772888154,MEDIUM
18272.0,0.4000319986763632,MEDIUM
18273.0,0.8339882398224884,HIGH
18280.0,0.7542947436517927,HIGH
18283.0,0.38487626859813223,LOW
18287.0,0.5461420918235558,MEDIUM
