CustomerID,purchase_count,total_spent,recency_days,avg_order_value,churn
12346.0,1,77183.6,133,77183.6,1
12347.0,3,1823.43,54,607.8100000000001,0
12348.0,3,1487.24,56,495.74666666666667,1
12350.0,1,334.40000000000003,118,334.40000000000003,1
12352.0,5,1561.81,70,312.36199999999997,1
12353.0,1,89.0,12,89.0,1
12354.0,1,1079.4,40,1079.4,1
12355.0,1,459.40000000000003,22,459.40000000000003,1
12356.0,2,2753.08,53,1376.54,1
12359.0,2,2386.41,113,1193.205,0
12360.0,1,1083.58,8,1083.58,0
12361.0,1,189.9,95,189.9,1
12362.0,2,974.34,33,487.17,0
12363.0,1,299.1,50,299.1,0
12365.0,2,641.38,99,320.69,1
12370.0,3,2806.41,82,935.4699999999999,1
12372.0,2,914.9200000000001,20,457.46000000000004,1
12373.0,1,364.6,119,364.6,1
12377.0,2,1628.1200000000001,123,814.0600000000001,1
12383.0,4,1751.11,46,437.7775,0
12386.0,2,401.9,145,200.95,1
12388.0,3,766.25,83,255.41666666666666,0
12393.0,3,1061.1000000000001,53,353.70000000000005,1
12394.0,1,381.08,25,381.08,1
12395.0,6,1569.72,19,261.62,0
12399.0,2,768.9499999999999,21,384.47499999999997,0
12401.0,1,84.3,111,84.3,1
12402.0,1,225.60000000000002,131,225.60000000000002,1
12407.0,2,495.96,43,247.98,0
12408.0,2,837.59,68,418.795,0
12410.0,2,693.33,116,346.665,1
12413.0,2,563.9,44,281.95,1
12414.0,3,562.4100000000001,25,187.47000000000003,1
12415.0,7,50883.9,11,7269.128571428571,0
12417.0,4,1461.08,33,365.27,0
12421.0,1,157.45,127,157.45,0
12422.0,1,238.5,132,238.5,0
12423.0,5,1366.77,8,273.354,0
12426.0,1,582.73,2,582.73,1
12427.0,1,303.5,179,303.5,1
12428.0,6,6310.54,50,1051.7566666666667,0
12429.0,2,1719.48,35,859.74,0
12431.0,7,3158.53,8,451.21857142857147,0
12433.0,2,3787.12,174,1893.56,1
12434.0,1,286.25,68,286.25,1
12435.0,1,3978.9900000000002,75,3978.9900000000002,1
12437.0,8,1975.09,6,246.88625,0
12441.0,1,173.55,174,173.55,1
12447.0,1,476.49,51,476.49,1
12451.0,2,5307.82,26,2653.91,1
12455.0,2,1698.9,103,849.45,0
12456.0,1,940.1700000000001,62,940.1700000000001,0
12457.0,3,1067.25,41,355.75,1
12458.0,1,441.92,92,441.92,1
12462.0,1,762.11,111,762.11,1
12463.0,2,647.95,14,323.975,0
12464.0,4,544.85,8,136.2125,0
12468.0,1,220.59,124,220.59,0
12471.0,13,8397.32,18,645.9476923076923,0
12472.0,3,3048.84,75,1016.2800000000001,0
12474.0,8,2719.13,8,339.89125,0
12476.0,5,2445.1,26,489.02,0
12477.0,2,4576.97,47,2288.485,1
12480.0,2,1587.27,75,793.635,0
12481.0,7,3100.55,12,442.9357142857143,0
12483.0,4,994.6600000000001,13,248.66500000000002,0
12484.0,1,1138.67,144,1138.67,0
12489.0,1,334.93,144,334.93,1
12490.0,2,1195.72,22,597.86,0
12493.0,1,232.5,5,232.5,0
12494.0,4,715.64,4,178.91,0
12500.0,4,1210.2,74,302.55,0
12501.0,1,2169.39,144,2169.39,1
12502.0,3,1842.65,25,614.2166666666667,0
12506.0,1,73.5,40,73.5,1
12507.0,1,446.16,106,446.16,0
12509.0,1,176.5,92,176.5,1
12510.0,1,681.05,133,681.05,0
12514.0,1,1017.6800000000001,75,1017.6800000000001,1
12515.0,1,383.7,161,383.7,1
12520.0,3,1697.56,12,565.8533333333334,0
12523.0,4,500.19,60,125.0475,0
12524.0,5,2833.38,12,566.676,0
12527.0,2,284.92,102,142.46,1
12528.0,2,771.66,84,385.83,0
12530.0,2,805.0,41,402.5,0
12539.0,3,4517.69,70,1505.8966666666665,1
12540.0,6,6144.53,0,1024.0883333333334,0
12541.0,1,312.4,88,312.4,0
12545.0,1,628.15,67,628.15,1
12547.0,2,207.8,5,103.9,1
12551.0,1,168.0,165,168.0,1
12553.0,5,1734.6200000000001,12,346.92400000000004,0
12557.0,3,4854.62,64,1618.2066666666667,0
12559.0,2,561.71,118,280.855,1
12561.0,1,238.85,110,238.85,1
12562.0,1,444.96000000000004,6,444.96000000000004,0
12564.0,1,456.90000000000003,69,456.90000000000003,1
12565.0,1,145.92000000000002,96,145.92000000000002,1
12567.0,4,3884.32,9,971.08,0
12569.0,5,1164.32,26,232.86399999999998,0
12573.0,1,160.54000000000002,35,160.54000000000002,1
12574.0,1,218.45000000000002,123,218.45000000000002,1
12576.0,2,421.65000000000003,26,210.82500000000002,0
12577.0,1,195.89,167,195.89,1
12578.0,1,1608.66,138,1608.66,1
12580.0,1,415.7,54,415.7,1
12582.0,2,511.36,46,255.68,1
12583.0,5,3042.39,8,608.478,0
12584.0,1,463.63,88,463.63,0
12585.0,2,2040.1,42,1020.05,1
12590.0,2,9864.26,19,4932.13,1
12591.0,1,452.84999999999997,125,452.84999999999997,1
12592.0,1,231.8,21,231.8,1
12593.0,1,236.0,26,236.0,0
12594.0,6,1764.99,0,294.165,0
12596.0,1,269.95,50,269.95,1
12597.0,1,516.15,76,516.15,0
12598.0,3,1285.74,28,428.58,0
12599.0,3,463.86,16,154.62,0
12600.0,6,1315.96,12,219.32666666666668,0
12601.0,4,508.96000000000004,12,127.24000000000001,0
12604.0,1,178.5,69,178.5,1
12609.0,1,287.93,126,287.93,0
12613.0,4,1462.52,5,365.63,1
12614.0,1,315.6,85,315.6,1
12616.0,1,255.60000000000002,105,255.60000000000002,1
12619.0,2,631.66,42,315.83,0
12620.0,1,561.66,12,561.66,1
12621.0,10,7355.82,8,735.582,0
12622.0,1,180.1,40,180.1,1
12623.0,1,305.1,84,305.1,1
12625.0,2,2683.82,19,1341.91,1
12626.0,2,1274.1000000000001,124,637.0500000000001,0
12633.0,2,1729.55,4,864.775,0
12637.0,4,2391.75,47,597.9375,0
12639.0,1,486.1,46,486.1,1
12643.0,3,1411.92,28,470.64000000000004,0
12645.0,2,798.9,27,399.45,0
12647.0,7,2302.31,7,328.90142857142854,0
12649.0,1,375.0,20,375.0,0
12651.0,1,114.0,142,114.0,1
12652.0,1,919.98,139,919.98,1
12653.0,1,779.1,104,779.1,0
12654.0,3,337.75,5,112.58333333333333,1
12656.0,2,1659.6,11,829.8,0
12662.0,4,1344.4,47,336.1,0
12664.0,2,1303.58,40,651.79,0
12665.0,1,63.0,132,63.0,1
12668.0,3,2924.4700000000003,67,974.8233333333334,1
12669.0,2,2272.6,56,1136.3,0
12670.0,2,1026.39,7,513.195,1
12672.0,1,225.9,137,225.9,1
12673.0,1,220.9,134,220.9,1
12674.0,1,586.74,15,586.74,0
12676.0,2,707.4,68,353.7,0
12678.0,5,3951.84,57,790.368,0
12679.0,2,906.38,13,453.19,1
12681.0,12,8044.93,6,670.4108333333334,0
12682.0,11,5277.29,0,479.75363636363636,0
12683.0,9,4417.57,19,490.8411111111111,0
12684.0,3,917.1,5,305.7,0
12686.0,1,89.14,179,89.14,1
12690.0,1,389.01,13,389.01,1
12691.0,3,406.2,126,135.4,0
12693.0,3,630.77,19,210.25666666666666,0
12695.0,1,89.25,18,89.25,0
12700.0,1,1092.43,23,1092.43,0
12701.0,1,337.08000000000004,50,337.08000000000004,1
12705.0,3,3164.1,9,1054.7,0
12707.0,1,603.42,99,603.42,1
12708.0,5,1338.17,8,267.634,0
12709.0,7,3927.87,25,561.1242857142857,0
12710.0,1,718.96,9,718.96,0
12712.0,8,2267.48,8,283.435,0
12714.0,2,1761.92,14,880.96,0
12717.0,1,609.74,53,609.74,0
12720.0,10,2341.77,0,234.177,0
12721.0,3,1107.82,54,369.2733333333333,0
12724.0,1,154.9,140,154.9,0
12725.0,1,427.8,179,427.8,1
12726.0,4,1111.28,22,277.82,0
12727.0,4,2007.32,89,501.83,0
12728.0,3,617.31,65,205.76999999999998,1
12731.0,6,8230.09,20,1371.6816666666666,0
12733.0,1,383.95,42,383.95,1
12734.0,1,110.39999999999999,160,110.39999999999999,1
12735.0,2,779.5699999999999,123,389.78499999999997,1
12736.0,1,234.0,140,234.0,1
12738.0,1,155.35,180,155.35,1
12744.0,4,10262.65,56,2565.6625,0
12747.0,6,2091.4,6,348.56666666666666,0
12748.0,86,9550.78,0,111.05558139534884,0
12749.0,1,859.1,21,859.1,0
12753.0,4,12940.51,56,3235.1275,0
12754.0,3,3010.74,43,1003.5799999999999,1
12755.0,2,3811.9500000000003,88,1905.9750000000001,1
12757.0,5,4202.2300000000005,8,840.4460000000001,0
12758.0,1,1570.19,84,1570.19,0
12759.0,1,444.8,83,444.8,0
12763.0,1,320.08,177,320.08,0
12764.0,1,1693.88,124,1693.88,1
12766.0,4,4015.71,48,1003.9275,0
12769.0,1,1143.6,46,1143.6,1
12770.0,1,1351.45,18,1351.45,1
12775.0,3,744.88,11,248.29333333333332,0
12778.0,3,408.06,67,136.02,0
12779.0,6,2974.41,6,495.73499999999996,0
12781.0,1,549.26,92,549.26,1
12782.0,3,1562.95,61,520.9833333333333,0
12785.0,1,311.95,172,311.95,1
12787.0,1,158.1,0,158.1,1
12790.0,1,324.92,0,324.92,1
12791.0,1,192.60000000000002,181,192.60000000000002,1
12792.0,1,400.54,64,400.54,1
12793.0,2,545.48,142,272.74,1
12797.0,1,254.03,173,254.03,1
12808.0,1,129.4,176,129.4,0
12811.0,3,514.85,68,171.61666666666667,1
12815.0,1,615.36,6,615.36,0
12817.0,1,166.04000000000002,89,166.04000000000002,1
12818.0,1,1542.08,69,1542.08,1
12820.0,1,170.46,134,170.46,1
12821.0,1,92.72,22,92.72,1
12823.0,3,994.5,62,331.5,0
12826.0,3,697.1,124,232.36666666666667,0
12829.0,2,293.0,144,146.5,1
12831.0,1,215.05,70,215.05,1
12834.0,1,312.38,90,312.38,1
12836.0,2,1661.4,27,830.7,0
12838.0,1,390.79,181,390.79,1
12839.0,4,1395.89,6,348.9725,0
12840.0,2,1577.97,22,788.985,0
12841.0,12,1961.26,30,163.43833333333333,0
12842.0,1,310.73,116,310.73,1
12843.0,3,627.0600000000001,21,209.02,0
12845.0,4,354.09000000000003,75,88.52250000000001,1
12849.0,1,704.5,76,704.5,1
12852.0,1,311.55,102,311.55,1
12853.0,3,885.0,47,295.0,0
12854.0,2,810.37,49,405.185,1
12855.0,1,38.1,180,38.1,1
12857.0,2,1106.4,18,553.2,1
12866.0,1,559.12,91,559.12,1
12867.0,4,1738.54,22,434.635,0
12868.0,5,1359.0,26,271.8,0
12871.0,1,132.0,15,132.0,1
12872.0,2,599.97,134,299.985,1
12873.0,1,374.0,90,374.0,1
12875.0,1,293.76000000000005,170,293.76000000000005,0
12876.0,1,726.43,4,726.43,1
12877.0,7,682.0400000000001,8,97.43428571428572,0
12878.0,2,854.99,44,427.495,1
12881.0,1,298.0,83,298.0,1
12886.0,1,775.0,27,775.0,1
12888.0,2,354.12,22,177.06,1
12891.0,2,246.00000000000003,28,123.00000000000001,0
12897.0,2,216.5,12,108.25,1
12901.0,11,7785.56,8,707.7781818181819,0
12902.0,1,138.68,72,138.68,1
12908.0,1,318.0,120,318.0,0
12909.0,3,1528.37,9,509.45666666666665,1
12910.0,3,1142.5,5,380.8333333333333,0
12913.0,3,866.39,90,288.7966666666667,1
12915.0,1,199.65,180,199.65,0
12916.0,3,2312.78,9,770.9266666666667,0
12921.0,13,5514.4400000000005,20,424.1876923076924,0
12924.0,3,655.27,6,218.42333333333332,1
12928.0,2,780.04,49,390.02,0
12929.0,1,117.85,119,117.85,1
12931.0,7,3920.7000000000003,11,560.1,0
12933.0,1,110.75,91,110.75,0
12935.0,2,866.23,11,433.115,0
12937.0,2,428.23,5,214.115,1
12939.0,3,7228.32,81,2409.44,0
12942.0,2,396.52000000000004,5,198.26000000000002,0
12944.0,1,286.95,162,286.95,1
12945.0,1,462.95,96,462.95,1
12947.0,3,1035.27,42,345.09,0
12948.0,3,886.26,22,295.42,0
12949.0,3,2250.7,14,750.2333333333332,0
12951.0,4,624.88,12,156.22,0
12955.0,3,697.42,11,232.47333333333333,0
12956.0,1,108.07,114,108.07,1
12957.0,3,1128.77,12,376.25666666666666,0
12963.0,1,365.8,173,365.8,1
12967.0,2,1660.9,166,830.45,1
12970.0,2,23.8,130,11.9,1
12971.0,39,4638.22,4,118.92871794871796,0
12974.0,1,144.8,5,144.8,1
12976.0,1,738.6,19,738.6,1
12980.0,6,4566.360000000001,18,761.0600000000001,0
12982.0,1,390.54,50,390.54,1
12987.0,1,304.3,5,304.3,1
12988.0,1,535.32,100,535.32,1
12989.0,7,3327.94,8,475.42,0
12990.0,1,97.5,118,97.5,0
12993.0,2,175.3,15,87.65,0
12994.0,1,352.6,76,352.6,0
12997.0,2,608.47,44,304.235,1
12999.0,3,455.88,4,151.96,1
13000.0,2,458.53000000000003,67,229.26500000000001,0
13001.0,9,7343.85,25,815.9833333333333,0
13002.0,1,120.95,126,120.95,1
13003.0,1,59.050000000000004,22,59.050000000000004,0
13004.0,7,2448.02,22,349.71714285714285,0
13005.0,1,321.65,54,321.65,0
13008.0,1,229.47,131,229.47,1
13011.0,1,50.550000000000004,180,50.550000000000004,1
13012.0,3,707.39,21,235.79666666666665,0
13013.0,4,2372.29,20,593.0725,0
13014.0,3,1328.03,28,442.6766666666667,0
13015.0,4,1763.04,5,440.76,1
13018.0,11,3673.96,4,333.99636363636364,0
13021.0,3,765.0,23,255.0,0
13026.0,2,243.72000000000003,28,121.86000000000001,1
13027.0,3,3840.0,41,1280.0,0
13029.0,1,382.5,161,382.5,0
13030.0,1,427.74,176,427.74,1
13033.0,1,190.55,165,190.55,1
13034.0,1,165.86,177,165.86,1
13035.0,1,333.0,68,333.0,1
13037.0,2,577.32,27,288.66,0
13038.0,1,395.1,98,395.1,0
13043.0,1,516.42,81,516.42,1
13044.0,1,560.47,99,560.47,1
13046.0,1,197.72,74,197.72,1
13047.0,6,1671.68,27,278.61333333333334,0
13048.0,2,939.92,46,469.96,0
13049.0,1,153.78000000000003,126,153.78000000000003,1
13050.0,9,2873.96,12,319.3288888888889,0
13052.0,1,348.15000000000003,20,348.15000000000003,1
13055.0,1,344.86,21,344.86,1
13059.0,1,183.4,57,183.4,1
13060.0,1,307.53000000000003,61,307.53000000000003,1
13064.0,1,203.3,135,203.3,0
13065.0,1,205.86,181,205.86,1
13068.0,1,165.0,127,165.0,1
13069.0,13,2531.54,6,194.73384615384614,0
13070.0,1,228.8,0,228.8,1
13072.0,1,177.15,74,177.15,1
13077.0,3,577.44,98,192.48000000000002,1
13078.0,10,4467.16,8,446.716,0
13081.0,7,14463.51,25,2066.2157142857145,0
13082.0,5,1960.18,43,392.036,0
13085.0,1,278.1,103,278.1,0
13089.0,51,27939.94,7,547.8419607843138,0
13090.0,7,3111.6,46,444.5142857142857,0
13092.0,4,439.75,19,109.9375,1
13093.0,8,7832.47,83,979.05875,1
13094.0,7,940.44,13,134.34857142857143,0
13097.0,5,3004.26,41,600.8520000000001,0
13098.0,8,7203.61,6,900.45125,0
13101.0,1,101.19,42,101.19,1
13102.0,15,3769.16,6,251.27733333333333,0
13104.0,2,213.72,75,106.86,0
13107.0,1,566.84,141,566.84,0
13108.0,1,350.06,180,350.06,1
13110.0,3,732.49,65,244.16333333333333,0
13113.0,16,8856.16,0,553.51,0
13117.0,6,751.37,25,125.22833333333334,0
13118.0,3,799.7,16,266.56666666666666,1
13120.0,1,30.6,46,30.6,1
13121.0,1,283.73,77,283.73,1
13122.0,1,903.6700000000001,48,903.6700000000001,1
13124.0,2,2574.12,60,1287.06,1
13126.0,5,1077.42,61,215.484,1
13132.0,1,77.3,69,77.3,1
13133.0,2,109.8,81,54.9,1
13134.0,2,525.7,42,262.85,0
13135.0,1,3096.0,4,3096.0,1
13136.0,1,574.46,20,574.46,0
13137.0,2,863.84,60,431.92,0
13138.0,2,386.85,48,193.425,0
13139.0,2,1170.02,23,585.01,0
13140.0,1,159.51,174,159.51,0
13141.0,4,1401.03,22,350.2575,1
13144.0,1,110.95,140,110.95,1
13145.0,1,295.0,180,295.0,0
13148.0,6,1798.33,40,299.72166666666664,0
13149.0,1,376.74,97,376.74,0
13151.0,1,1257.8700000000001,103,1257.8700000000001,1
13155.0,2,569.2,134,284.6,1
13157.0,2,497.94,49,248.97,0
13158.0,1,256.40999999999997,126,256.40999999999997,0
13161.0,1,112.75,121,112.75,1
13162.0,2,1301.69,41,650.845,0
13165.0,1,354.64,159,354.64,1
13166.0,1,417.2,91,417.2,1
13168.0,3,972.66,7,324.21999999999997,1
13169.0,1,505.2,60,505.2,1
13171.0,1,140.35,107,140.35,1
13173.0,1,165.94,175,165.94,1
13174.0,2,2108.27,124,1054.135,1
13178.0,5,2719.2000000000003,11,543.84,0
13183.0,3,1527.0800000000002,16,509.0266666666667,0
13184.0,4,746.31,35,186.5775,0
13185.0,1,71.4,75,71.4,1
13187.0,1,236.02,145,236.02,1
13192.0,1,464.32,13,464.32,1
13196.0,1,512.13,70,512.13,1
13198.0,3,2087.75,57,695.9166666666666,0
13199.0,16,3740.16,5,233.76,0
13203.0,1,165.71,50,165.71,0
13208.0,3,700.21,14,233.40333333333334,0
13209.0,3,2362.44,35,787.48,0
13211.0,1,110.7,169,110.7,1
13213.0,2,415.28000000000003,7,207.64000000000001,0
13216.0,1,333.74,75,333.74,1
13220.0,2,559.69,27,279.845,0
13221.0,2,847.41,48,423.705,1
13223.0,2,163.2,8,81.6,1
13225.0,4,3741.88,4,935.47,0
13226.0,1,108.21000000000001,81,108.21000000000001,1
13227.0,1,257.7,9,257.7,1
13229.0,1,160.95,33,160.95,1
13230.0,9,1799.48,9,199.94222222222223,0
13232.0,3,691.9,4,230.63333333333333,0
13233.0,1,304.24,144,304.24,1
13235.0,1,1031.07,20,1031.07,1
13238.0,1,91.15,168,91.15,0
13239.0,1,329.56,69,329.56,1
13240.0,2,442.41,65,221.205,0
13242.0,2,104.0,21,52.0,0
13243.0,1,600.07,11,600.07,1
13246.0,4,1648.52,14,412.13,0
13249.0,1,291.84,69,291.84,1
13253.0,1,476.48,147,476.48,0
13255.0,1,225.7,181,225.7,1
13258.0,1,224.62,13,224.62,1
13261.0,2,944.1,76,472.05,1
13262.0,1,200.29,71,200.29,1
13263.0,14,3290.75,6,235.05357142857142,0
13265.0,2,1124.88,53,562.44,0
13266.0,5,1510.57,11,302.114,0
13267.0,11,2210.14,7,200.92181818181817,0
13268.0,5,1837.78,6,367.556,0
13269.0,5,2048.23,26,409.646,0
13270.0,1,590.0,174,590.0,1
13280.0,2,699.36,124,349.68,0
13282.0,1,344.70000000000005,28,344.70000000000005,0
13284.0,1,201.19,138,201.19,1
13285.0,2,1173.27,34,586.635,0
13292.0,1,249.57,92,249.57,1
13294.0,1,483.65,57,483.65,0
13295.0,1,201.20000000000002,167,201.20000000000002,1
13299.0,1,142.5,76,142.5,1
13301.0,2,327.77,30,163.885,0
13304.0,1,300.42,159,300.42,1
13305.0,4,640.25,53,160.0625,0
13308.0,1,814.95,11,814.95,1
13309.0,2,546.64,14,273.32,1
13310.0,2,817.65,14,408.825,1
13313.0,2,609.74,23,304.87,0
13316.0,1,1622.48,62,1622.48,0
13317.0,5,1313.98,6,262.796,1
13319.0,11,4527.84,15,411.6218181818182,0
13320.0,2,508.61,21,254.305,0
13324.0,7,3798.99,11,542.7128571428572,1
13327.0,4,1421.95,67,355.4875,0
13328.0,1,1308.48,124,1308.48,1
13329.0,1,304.2,174,304.2,1
13330.0,1,335.82,123,335.82,0
13334.0,1,1660.44,113,1660.44,0
13339.0,1,860.12,8,860.12,1
13340.0,1,3678.0299999999997,84,3678.0299999999997,0
13341.0,1,775.85,68,775.85,1
13344.0,1,1656.15,85,1656.15,1
13345.0,1,389.5,95,389.5,1
13357.0,1,609.95,65,609.95,1
13358.0,1,439.03000000000003,76,439.03000000000003,1
13362.0,2,1581.53,53,790.765,1
13365.0,1,700.6,25,700.6,1
13368.0,2,623.4,64,311.7,1
13369.0,1,308.28000000000003,173,308.28000000000003,1
13370.0,1,754.87,179,754.87,1
13373.0,1,987.7,84,987.7,0
13376.0,2,770.0,11,385.0,1
13381.0,2,1071.35,15,535.675,0
13382.0,1,222.99,88,222.99,1
13385.0,1,534.57,137,534.57,1
13389.0,1,257.89,40,257.89,1
13391.0,1,59.8,11,59.8,1
13394.0,3,935.33,22,311.7766666666667,0
13396.0,1,387.27000000000004,127,387.27000000000004,1
13397.0,2,601.77,102,300.885,0
13398.0,1,457.34000000000003,0,457.34000000000003,1
13402.0,1,308.28000000000003,180,308.28000000000003,0
13404.0,1,217.81,20,217.81,1
13405.0,2,557.45,12,278.725,1
13408.0,25,11107.11,15,444.2844,0
13410.0,2,404.64,71,202.32,0
13414.0,1,390.0,104,390.0,0
13417.0,1,236.0,13,236.0,1
13418.0,9,3340.6,12,371.17777777777775,0
13421.0,1,825.04,98,825.04,1
13425.0,1,401.57,102,401.57,0
13426.0,4,1285.02,46,321.255,0
13427.0,1,214.5,23,214.5,0
13439.0,1,283.71,63,283.71,1
13448.0,4,1423.26,26,355.815,1
13450.0,2,678.54,12,339.27,0
13451.0,3,1652.3799999999999,19,550.7933333333333,0
13452.0,2,590.0,67,295.0,1
13453.0,1,185.0,97,185.0,0
13455.0,1,692.94,174,692.94,1
13456.0,1,207.66,15,207.66,0
13458.0,6,5629.62,22,938.27,0
13462.0,1,151.5,60,151.5,1
13468.0,21,3591.12,9,171.00571428571428,0
13473.0,1,241.26,140,241.26,1
13474.0,1,229.59,44,229.59,1
13475.0,3,1278.48,25,426.16,0
13476.0,1,727.6,89,727.6,0
13477.0,2,516.03,19,258.015,0
13479.0,2,300.95,8,150.475,1
13481.0,2,978.99,0,489.495,0
13482.0,1,184.64000000000001,40,184.64000000000001,1
13484.0,1,313.8,49,313.8,1
13485.0,1,454.24,41,454.24,1
13487.0,2,408.8,21,204.4,1
13488.0,6,5530.43,4,921.7383333333333,0
13489.0,2,235.68,97,117.84,0
13491.0,8,1031.63,55,128.95375,0
13492.0,1,315.3,22,315.3,0
13493.0,2,618.63,83,309.315,1
13494.0,1,316.26000000000005,119,316.26000000000005,1
13495.0,3,1072.43,40,357.4766666666667,1
13496.0,1,501.01,167,501.01,1
13497.0,2,348.05,90,174.025,1
13499.0,2,463.79,33,231.895,1
13501.0,1,1340.32,96,1340.32,1
13502.0,2,189.16000000000003,82,94.58000000000001,1
13505.0,2,1916.0900000000001,0,958.0450000000001,0
13506.0,2,458.52,124,229.26,1
13508.0,1,110.97,51,110.97,1
13509.0,3,650.02,62,216.67333333333332,0
13512.0,1,251.21,68,251.21,1
13515.0,1,203.4,55,203.4,0
13516.0,1,146.0,46,146.0,1
13520.0,3,1479.3,67,493.09999999999997,0
13523.0,3,2369.24,7,789.7466666666666,1
13524.0,1,159.20000000000002,27,159.20000000000002,0
13525.0,1,282.88,56,282.88,1
13527.0,2,585.64,9,292.82,0
13529.0,1,181.1,12,181.1,1
13531.0,2,483.8,13,241.9,1
13533.0,2,146.64,75,73.32,0
13534.0,16,2648.8,7,165.55,0
13538.0,2,504.3,82,252.15,0
13539.0,2,315.65,48,157.825,1
13544.0,1,122.91,48,122.91,1
13546.0,1,188.16,8,188.16,1
13548.0,1,281.01,51,281.01,1
13549.0,3,512.5500000000001,0,170.85000000000002,0
13551.0,1,91.80000000000001,127,91.80000000000001,1
13552.0,5,1861.29,13,372.258,0
13555.0,2,1590.05,9,795.025,1
13557.0,1,240.68,88,240.68,1
13561.0,1,141.85999999999999,23,141.85999999999999,1
13562.0,1,603.27,53,603.27,0
13564.0,2,1198.38,162,599.19,0
13565.0,1,110.17999999999999,142,110.17999999999999,1
13569.0,1,118.32,175,118.32,1
13570.0,1,239.49,51,239.49,1
13571.0,3,392.6,0,130.86666666666667,0
13572.0,1,1384.25,13,1384.25,1
13573.0,1,31.770000000000003,61,31.770000000000003,1
13576.0,7,2746.4,27,392.34285714285716,0
13577.0,1,356.75,49,356.75,0
13579.0,1,164.7,177,164.7,1
13581.0,1,118.0,117,118.0,1
13584.0,1,142.4,114,142.4,1
13588.0,1,113.30000000000001,63,113.30000000000001,0
13590.0,3,912.03,7,304.01,0
13591.0,2,776.23,12,388.115,1
13592.0,3,205.51,13,68.50333333333333,1
13593.0,3,1022.95,71,340.98333333333335,0
13599.0,7,2005.66,6,286.52285714285716,0
13600.0,1,219.52,120,219.52,1
13601.0,1,373.2,19,373.2,1
13606.0,2,250.42,51,125.21,1
13610.0,2,349.72,51,174.86,0
13611.0,1,303.15000000000003,167,303.15000000000003,0
13614.0,1,205.75,138,205.75,0
13615.0,1,417.69,126,417.69,1
13623.0,4,551.92,18,137.98,1
13626.0,1,257.23,60,257.23,1
13627.0,2,605.92,12,302.96,0
13629.0,4,2888.0,18,722.0,0
13630.0,2,730.9200000000001,53,365.46000000000004,0
13631.0,4,1330.0,9,332.5,0
13632.0,2,613.03,41,306.515,0
13634.0,2,625.41,50,312.705,0
13636.0,3,541.45,60,180.48333333333335,0
13637.0,1,422.6,34,422.6,0
13642.0,1,354.8,23,354.8,1
13647.0,1,424.64,42,424.64,0
13649.0,2,346.6,64,173.3,1
13650.0,2,745.5200000000001,15,372.76000000000005,1
13652.0,2,638.24,64,319.12,1
13654.0,3,1172.84,9,390.94666666666666,0
13655.0,1,383.65,49,383.65,0
13656.0,1,162.70000000000002,145,162.70000000000002,0
13657.0,1,152.34,9,152.34,1
13658.0,1,933.3,12,933.3,1
13659.0,2,1573.2,13,786.6,1
13662.0,2,532.94,20,266.47,1
13666.0,2,64.05,95,32.025,1
13668.0,11,3758.07,9,341.6427272727273,0
13672.0,2,186.39000000000001,109,93.19500000000001,1
13675.0,1,308.44,92,308.44,0
13680.0,2,2391.59,145,1195.795,1
13684.0,1,67.23,93,67.23,1
13692.0,2,871.58,21,435.79,1
13694.0,26,28199.35,0,1084.5903846153847,0
13695.0,4,285.48,21,71.37,0
13700.0,5,943.66,48,188.732,0
13703.0,1,99.5,126,99.5,1
13705.0,1,318.14,181,318.14,0
13706.0,1,330.79,110,330.79,1
13707.0,2,806.41,75,403.205,1
13708.0,1,296.88,79,296.88,1
13709.0,1,474.7,123,474.7,0
13711.0,2,252.06,26,126.03,1
13712.0,1,228.84,54,228.84,1
13715.0,5,1079.34,89,215.868,1
13716.0,1,138.28,77,138.28,1
13717.0,2,570.59,48,285.295,0
13718.0,2,306.55,54,153.275,1
13719.0,2,338.74,13,169.37,1
13720.0,2,432.1,46,216.05,0
13722.0,1,1463.47,90,1463.47,0
13723.0,1,199.85000000000002,25,199.85000000000002,1
13725.0,6,1751.6,33,291.93333333333334,0
13728.0,3,493.93,6,164.64333333333335,0
13731.0,2,610.59,27,305.295,1
13735.0,1,935.15,42,935.15,0
13736.0,1,357.53,68,357.53,1
13737.0,1,339.6,8,339.6,1
13740.0,1,350.75,48,350.75,1
13741.0,1,162.96,25,162.96,0
13742.0,5,1642.48,21,328.496,0
13743.0,2,353.16,25,176.58,0
13744.0,1,893.16,100,893.16,1
13747.0,1,79.6,181,79.6,1
13748.0,3,580.85,40,193.61666666666667,1
13750.0,2,688.8,104,344.4,0
13751.0,1,296.25,96,296.25,1
13752.0,3,724.67,16,241.55666666666664,0
13753.0,1,741.26,95,741.26,1
13754.0,1,156.0,125,156.0,0
13756.0,4,1403.6100000000001,13,350.90250000000003,0
13758.0,5,2351.52,9,470.304,1
13760.0,1,135.09,64,135.09,1
13762.0,1,306.72,26,306.72,1
13764.0,1,499.89,145,499.89,0
13767.0,22,7241.29,11,329.14954545454543,0
13769.0,5,1448.01,15,289.602,0
13771.0,2,1464.8500000000001,7,732.4250000000001,1
13772.0,1,228.42,47,228.42,1
13777.0,19,9916.65,15,521.9289473684211,0
13781.0,1,127.84,58,127.84,1
13782.0,2,361.3,42,180.65,0
13784.0,5,772.47,26,154.494,0
13786.0,1,230.4,175,230.4,1
13787.0,1,106.4,172,106.4,1
13792.0,1,74.60000000000001,95,74.60000000000001,1
13798.0,32,22292.52,4,696.64125,0
13799.0,1,341.7,102,341.7,0
13800.0,1,558.32,117,558.32,1
13802.0,2,3131.06,62,1565.53,0
13803.0,1,277.07,63,277.07,1
13804.0,1,723.63,97,723.63,0
13807.0,1,112.6,175,112.6,1
13809.0,1,155.05,113,155.05,1
13811.0,2,481.5,43,240.75,0
13815.0,1,1012.01,126,1012.01,0
13817.0,1,128.7,159,128.7,1
13819.0,3,1140.35,109,380.1166666666666,1
13821.0,1,270.15,69,270.15,0
13824.0,3,1232.98,11,410.99333333333334,0
13831.0,3,1097.99,8,365.99666666666667,0
13835.0,1,328.45,23,328.45,0
13837.0,2,271.24,19,135.62,1
13838.0,1,238.11,177,238.11,0
13841.0,1,85.0,60,85.0,1
13842.0,6,1828.47,7,304.745,0
13846.0,2,663.9300000000001,50,331.96500000000003,1
13848.0,2,935.0,105,467.5,1
13851.0,1,246.32000000000002,96,246.32000000000002,0
13854.0,16,5159.54,4,322.47125,0
13856.0,1,94.4,11,94.4,0
13859.0,1,201.16,134,201.16,1
13862.0,3,852.31,40,284.1033333333333,0
13863.0,1,305.78,55,305.78,1
13865.0,1,123.30000000000001,97,123.30000000000001,0
13867.0,1,138.85,26,138.85,1
13869.0,3,1584.96,70,528.32,0
13870.0,1,544.03,95,544.03,0
13871.0,5,2395.73,14,479.146,0
13873.0,2,230.4,26,115.2,0
13874.0,1,540.45,166,540.45,1
13875.0,2,683.68,65,341.84,0
13880.0,5,1026.63,25,205.32600000000002,0
13881.0,4,3569.46,21,892.365,0
13883.0,4,1742.78,26,435.695,1
13884.0,3,196.25,85,65.41666666666667,1
13885.0,1,399.15000000000003,8,399.15000000000003,0
13887.0,1,349.55,12,349.55,1
13888.0,1,239.52,26,239.52,0
13890.0,1,190.35000000000002,166,190.35000000000002,0
13892.0,1,54.519999999999996,54,54.519999999999996,1
13893.0,1,821.1,105,821.1,1
13894.0,1,160.85,118,160.85,1
13898.0,1,155.93,133,155.93,1
13899.0,1,298.5,82,298.5,1
13900.0,2,732.45,0,366.225,0
13901.0,2,648.3,64,324.15,0
13904.0,1,201.12,102,201.12,1
13908.0,2,831.11,22,415.555,0
13911.0,6,1703.91,5,283.985,0
13918.0,1,198.20000000000002,61,198.20000000000002,1
13922.0,1,172.25,159,172.25,1
13929.0,1,412.85,134,412.85,0
13931.0,1,378.21000000000004,88,378.21000000000004,1
13932.0,1,307.4,102,307.4,1
13934.0,1,922.1,71,922.1,1
13939.0,1,184.5,119,184.5,0
13941.0,2,2118.96,105,1059.48,0
13946.0,2,485.96999999999997,9,242.98499999999999,1
13948.0,1,102.0,168,102.0,1
13950.0,1,179.31,54,179.31,1
13951.0,2,516.05,44,258.025,0
13952.0,2,3251.071,25,1625.5355,1
13953.0,3,1750.0,18,583.3333333333334,0
13955.0,1,205.1,113,205.1,0
13956.0,2,293.67,51,146.835,0
13959.0,2,337.44,89,168.72,1
13962.0,1,117.6,53,117.6,1
13963.0,4,664.54,116,166.135,1
13969.0,6,1507.08,26,251.17999999999998,0
13971.0,3,974.52,22,324.84,0
13972.0,1,145.9,9,145.9,1
13973.0,1,264.7,95,264.7,1
13975.0,2,961.61,23,480.805,0
13976.0,1,357.98,14,357.98,1
13982.0,2,903.8,134,451.9,0
13983.0,6,1545.3700000000001,40,257.56166666666667,0
13984.0,3,717.23,57,239.07666666666668,0
13985.0,2,640.8,22,320.4,0
13988.0,2,1356.08,8,678.04,0
13989.0,1,896.67,47,896.67,1
13990.0,1,311.3,21,311.3,1
13993.0,4,1492.82,13,373.205,0
13995.0,1,310.45,53,310.45,0
13999.0,4,1246.82,22,311.705,0
14000.0,1,635.66,19,635.66,1
14001.0,2,1309.14,40,654.57,1
14004.0,1,900.02,96,900.02,0
14005.0,1,187.16,23,187.16,0
14006.0,2,662.09,49,331.045,0
14009.0,2,695.61,6,347.805,1
14012.0,1,328.8,85,328.8,1
14013.0,1,118.5,83,118.5,0
14016.0,3,3364.63,15,1121.5433333333333,0
14021.0,2,501.7,19,250.85,0
14022.0,1,440.0,33,440.0,1
14023.0,1,273.14,58,273.14,1
14030.0,5,1435.02,51,287.004,0
14031.0,11,7904.5599999999995,4,718.5963636363635,0
14032.0,5,1535.57,14,307.114,0
14035.0,2,700.58,75,350.29,0
14036.0,1,626.65,92,626.65,1
14037.0,1,111.8,172,111.8,0
14038.0,1,716.32,15,716.32,0
14040.0,5,1449.38,23,289.87600000000003,0
14041.0,1,141.41,74,141.41,1
14044.0,1,173.74,117,173.74,0
14045.0,3,1251.75,145,417.25,0
14046.0,1,154.99,92,154.99,1
14047.0,3,635.92,7,211.97333333333333,1
14048.0,1,409.93,113,409.93,1
14049.0,2,3058.46,8,1529.23,0
14051.0,11,5833.4800000000005,21,530.3163636363637,0
14056.0,10,3301.98,5,330.198,0
14057.0,8,2676.5299999999997,7,334.56624999999997,0
14059.0,1,183.6,74,183.6,1
14060.0,10,2957.1,13,295.71,0
14062.0,6,4834.63,47,805.7716666666666,0
14064.0,3,842.16,19,280.71999999999997,0
14066.0,1,152.55,74,152.55,1
14068.0,1,265.85,128,265.85,1
14071.0,2,356.81,68,178.405,1
14075.0,1,307.92,69,307.92,1
14077.0,2,199.61,33,99.805,0
14078.0,4,583.98,21,145.995,0
14081.0,2,934.52,110,467.26,1
14082.0,1,182.25,172,182.25,1
14083.0,5,489.47,7,97.894,0
14085.0,10,2812.41,6,281.241,0
14088.0,1,7544.91,130,7544.91,0
14090.0,1,76.32000000000001,132,76.32000000000001,1
14092.0,6,1797.47,4,299.5783333333333,0
14099.0,5,1321.46,26,264.29200000000003,0
14101.0,4,4159.39,5,1039.8475,0
14105.0,1,1266.23,47,1266.23,1
14107.0,4,1475.08,28,368.77,0
14110.0,2,1701.52,28,850.76,0
14111.0,1,94.2,49,94.2,0
14112.0,3,1152.5,11,384.1666666666667,0
14113.0,1,433.5,162,433.5,1
14114.0,2,386.53,81,193.265,1
14127.0,2,452.23,64,226.115,0
14128.0,1,305.54,63,305.54,1
14129.0,1,358.90000000000003,68,358.90000000000003,1
14130.0,1,483.86,127,483.86,1
14133.0,1,318.0,123,318.0,0
14135.0,8,2121.26,28,265.1575,0
14142.0,1,311.81,181,311.81,1
14145.0,1,1128.6,25,1128.6,0
14146.0,2,1903.73,62,951.865,1
14147.0,1,182.8,93,182.8,1
14148.0,1,157.2,41,157.2,1
14149.0,1,446.62,28,446.62,1
14150.0,1,306.18,167,306.18,1
14152.0,1,314.51,42,314.51,1
14154.0,2,1345.62,47,672.81,1
14155.0,1,118.75,74,118.75,1
14156.0,18,43907.23,15,2439.290555555556,0
14157.0,1,277.17,93,277.17,1
14159.0,2,652.09,64,326.045,0
14161.0,3,1110.52,23,370.17333333333335,1
14162.0,1,177.68,100,177.68,0
14163.0,2,749.79,7,374.895,0
14165.0,1,122.53999999999999,83,122.53999999999999,1
14167.0,2,259.0,71,129.5,0
14173.0,1,114.04,27,114.04,1
14175.0,1,322.58,137,322.58,0
14176.0,4,576.9000000000001,105,144.22500000000002,1
14180.0,15,3284.47,13,218.96466666666666,0
14185.0,1,197.65,139,197.65,1
14188.0,2,760.9,22,380.45,0
14189.0,8,2156.07,8,269.50875,0
14191.0,2,429.1,7,214.55,0
14193.0,1,422.54,77,422.54,1
14194.0,7,3407.87,4,486.8385714285714,0
14195.0,2,1012.0,9,506.0,1
14198.0,1,183.3,47,183.3,0
14199.0,1,185.39999999999998,26,185.39999999999998,1
14201.0,3,364.26,23,121.42,0
14205.0,1,222.9,72,222.9,1
14206.0,1,328.15999999999997,47,328.15999999999997,1
14209.0,3,1083.15,21,361.05,0
14210.0,5,1599.65,5,319.93,0
14211.0,5,909.89,15,181.978,1
14214.0,1,638.65,85,638.65,0
14215.0,3,922.11,123,307.37,0
14217.0,7,823.89,15,117.69857142857143,0
14220.0,2,632.4000000000001,55,316.20000000000005,1
14221.0,2,863.98,14,431.99,0
14223.0,1,304.9,72,304.9,0
14224.0,2,495.32,23,247.66,0
14226.0,2,1709.4,18,854.7,1
14227.0,7,2399.52,4,342.7885714285714,1
14229.0,2,762.13,99,381.065,1
14231.0,2,617.95,40,308.975,0
14232.0,1,693.1800000000001,72,693.1800000000001,0
14233.0,3,959.1,19,319.7,1
14235.0,2,1264.55,34,632.275,0
14236.0,1,189.3,180,189.3,1
14237.0,1,161.0,181,161.0,1
14238.0,1,146.85,134,146.85,1
14239.0,6,1295.04,8,215.84,0
14240.0,1,226.85000000000002,33,226.85000000000002,1
14242.0,2,280.55,42,140.275,1
14243.0,5,1513.07,53,302.614,0
14245.0,2,1693.45,27,846.725,1
14246.0,1,449.64,53,449.64,0
14247.0,1,136.77,86,136.77,1
14248.0,1,302.58,126,302.58,1
14256.0,2,969.0600000000001,68,484.53000000000003,1
14257.0,1,620.14,126,620.14,0
14258.0,6,7607.82,7,1267.97,0
14262.0,1,240.0,48,240.0,0
14264.0,1,115.7,53,115.7,0
14267.0,2,836.36,68,418.18,0
14270.0,1,492.65000000000003,139,492.65000000000003,1
14271.0,1,112.32000000000001,33,112.32000000000001,1
14272.0,1,132.09,62,132.09,1
14273.0,2,218.70000000000002,25,109.35000000000001,0
14276.0,1,341.2,97,341.2,0
14277.0,1,1637.43,20,1637.43,1
14280.0,1,134.04,4,134.04,1
14282.0,5,1809.18,11,361.836,0
14286.0,1,2050.08,50,2050.08,1
14287.0,2,83.28,6,41.64,1
14288.0,1,426.6,21,426.6,1
14289.0,3,594.22,7,198.07333333333335,0
14290.0,1,777.5600000000001,169,777.5600000000001,1
14291.0,3,1613.46,18,537.82,0
14292.0,2,1125.21,12,562.605,0
14293.0,2,508.02,113,254.01,0
14297.0,1,232.6,82,232.6,1
14298.0,26,26808.63,27,1031.101153846154,0
14299.0,4,1565.94,126,391.485,0
14304.0,1,383.45,30,383.45,1
14307.0,3,1694.98,27,564.9933333333333,0
14309.0,4,935.88,42,233.97,0
14311.0,1,310.26,50,310.26,1
14312.0,3,594.02,81,198.00666666666666,0
14315.0,1,530.4,74,530.4,0
14320.0,2,477.79,14,238.895,1
14321.0,1,326.82,141,326.82,0
14323.0,1,299.82,46,299.82,0
14326.0,1,183.85,50,183.85,1
14329.0,2,2125.6,81,1062.8,0
14334.0,5,1678.23,11,335.646,0
14336.0,3,1114.39,6,371.46333333333337,1
14338.0,1,579.97,4,579.97,0
14339.0,1,309.52000000000004,50,309.52000000000004,1
14340.0,1,134.7,26,134.7,1
14341.0,4,703.15,23,175.7875,0
14342.0,1,309.6,18,309.6,0
14344.0,6,645.88,14,107.64666666666666,0
14346.0,1,262.44,105,262.44,0
14348.0,1,409.57,68,409.57,1
14350.0,1,282.93,82,282.93,1
14352.0,2,845.32,42,422.66,0
14353.0,1,90.6,23,90.6,1
14355.0,1,174.4,173,174.4,1
14364.0,2,1117.2,8,558.6,0
14367.0,6,2829.11,20,471.5183333333334,0
14368.0,1,155.0,127,155.0,1
14371.0,1,100.5,103,100.5,1
14373.0,1,76.55,166,76.55,1
14377.0,1,314.6,70,314.6,0
14379.0,1,110.98,103,110.98,1
14386.0,1,142.4,104,142.4,1
14388.0,3,1173.19,11,391.06333333333333,0
14390.0,3,1036.08,19,345.35999999999996,0
14393.0,1,67.95,26,67.95,1
14395.0,5,1625.94,30,325.188,0
14396.0,1,110.35000000000001,179,110.35000000000001,1
14397.0,2,242.24,6,121.12,0
14401.0,2,552.12,123,276.06,0
14403.0,2,976.01,25,488.005,0
14404.0,3,723.58,67,241.19333333333336,0
14407.0,2,1002.6800000000001,13,501.34000000000003,0
14408.0,2,705.6400000000001,46,352.82000000000005,0
14409.0,3,666.1,126,222.03333333333333,0
14410.0,6,778.8000000000001,14,129.8,0
14411.0,1,1063.0,118,1063.0,1
14413.0,1,122.7,170,122.7,1
14414.0,1,217.2,166,217.2,0
14415.0,5,2399.25,6,479.85,0
14419.0,2,307.56,60,153.78,1
14421.0,1,455.18,19,455.18,1
14422.0,1,401.31,75,401.31,0
14423.0,1,265.2,26,265.2,1
14426.0,3,1495.58,84,498.52666666666664,0
14428.0,2,330.62,47,165.31,1
14431.0,1,470.36,110,470.36,1
14437.0,1,63.0,173,63.0,1
14438.0,1,131.9,114,131.9,1
14439.0,1,2661.24,127,2661.24,1
14440.0,2,1185.71,124,592.855,1
14441.0,1,356.84000000000003,63,356.84000000000003,1
14442.0,2,1589.82,12,794.91,1
14443.0,2,608.4,118,304.2,0
14446.0,1,303.04,54,303.04,1
14447.0,2,601.03,4,300.515,1
14448.0,1,102.35000000000001,172,102.35000000000001,1
14449.0,2,401.3,54,200.65,1
14450.0,2,269.45,51,134.725,0
14451.0,1,360.0,2,360.0,1
14457.0,1,113.64,118,113.64,1
14460.0,1,30.0,118,30.0,0
14461.0,1,776.23,69,776.23,0
14462.0,6,956.2,21,159.36666666666667,0
14463.0,1,115.92000000000002,13,115.92000000000002,0
14465.0,3,1058.6200000000001,54,352.8733333333334,1
14466.0,3,1035.65,88,345.2166666666667,0
14467.0,1,131.7,120,131.7,1
14470.0,1,297.64,95,297.64,1
14472.0,4,1328.18,65,332.045,0
14473.0,1,85.0,90,85.0,1
14475.0,1,306.55,112,306.55,0
14476.0,1,215.7,65,215.7,1
14477.0,1,165.0,105,165.0,0
14479.0,2,316.25,61,158.125,1
14481.0,1,302.86,95,302.86,0
14482.0,1,238.1,47,238.1,1
14483.0,1,137.1,89,137.1,1
14487.0,1,125.10000000000001,176,125.10000000000001,1
14489.0,1,463.38,15,463.38,1
14491.0,1,127.2,180,127.2,0
14496.0,2,538.8100000000001,119,269.40500000000003,1
14497.0,1,475.37,117,475.37,1
14498.0,1,166.22,169,166.22,0
14499.0,1,126.02000000000001,86,126.02000000000001,0
14501.0,1,66.93,127,66.93,0
14502.0,6,1070.23,42,178.37166666666667,0
14504.0,3,542.71,51,180.90333333333334,1
14505.0,5,3192.76,12,638.552,0
14506.0,2,566.86,91,283.43,0
14507.0,3,615.31,23,205.10333333333332,1
14512.0,1,126.32,40,126.32,0
14513.0,2,317.35,14,158.675,1
14514.0,2,403.11,9,201.555,1
14515.0,1,425.4,26,425.4,0
14520.0,1,165.0,98,165.0,1
14522.0,1,278.63,6,278.63,1
14524.0,4,777.58,44,194.395,0
14525.0,4,1249.87,43,312.4675,0
14527.0,26,3353.08,7,128.96461538461537,0
14530.0,2,1146.91,70,573.455,0
14532.0,4,932.85,44,233.2125,1
14533.0,1,433.5,160,433.5,0
14534.0,8,1717.23,7,214.65375,0
14535.0,1,853.97,56,853.97,0
14536.0,1,171.8,67,171.8,1
14538.0,1,106.5,64,106.5,1
14540.0,1,195.9,117,195.9,1
14541.0,6,1013.75,22,168.95833333333334,0
14543.0,8,2221.8,22,277.725,0
14544.0,1,1121.92,169,1121.92,1
14546.0,2,874.88,9,437.44,1
14548.0,1,326.4,125,326.4,0
14549.0,1,289.24,119,289.24,1
14551.0,1,125.43,12,125.43,1
14553.0,2,312.32,26,156.16,1
14555.0,1,197.94,110,197.94,1
14560.0,9,1232.0,4,136.88888888888889,0
14562.0,3,916.1,40,305.3666666666667,0
14565.0,2,1877.5500000000002,13,938.7750000000001,0
14570.0,2,218.06,88,109.03,1
14572.0,3,1077.93,62,359.31,0
14573.0,7,1378.9,8,196.9857142857143,0
14576.0,1,35.400000000000006,180,35.400000000000006,1
14577.0,2,468.01,40,234.005,0
14583.0,1,174.51,13,174.51,0
14584.0,2,474.8,5,237.4,0
14586.0,1,237.35999999999999,84,237.35999999999999,1
14587.0,7,1280.33,21,182.9042857142857,0
14589.0,1,39.75,179,39.75,1
14591.0,1,250.22,21,250.22,1
14593.0,2,339.59,6,169.795,1
14594.0,1,255.0,181,255.0,1
14595.0,1,163.8,121,163.8,1
14600.0,1,393.33000000000004,113,393.33000000000004,1
14603.0,1,660.0,82,660.0,1
14606.0,48,6781.76,2,141.28666666666666,0
14607.0,1,495.0,69,495.0,1
14608.0,1,204.0,170,204.0,1
14609.0,1,144.0,104,144.0,0
14616.0,3,406.08000000000004,50,135.36,1
14618.0,1,211.8,145,211.8,1
14619.0,1,394.44,53,394.44,1
14620.0,2,412.78000000000003,13,206.39000000000001,1
14621.0,1,305.7,166,305.7,0
14623.0,1,192.68,43,192.68,0
14625.0,2,899.63,4,449.815,1
14626.0,1,586.9,41,586.9,0
14628.0,1,331.58000000000004,50,331.58000000000004,1
14631.0,2,630.08,43,315.04,1
14632.0,1,114.56,70,114.56,1
14633.0,1,344.90000000000003,74,344.90000000000003,1
14636.0,1,300.19,76,300.19,1
14639.0,2,1235.13,99,617.565,0
14640.0,1,413.45000000000005,35,413.45000000000005,0
14643.0,1,357.94,166,357.94,0
14644.0,1,187.50000000000003,106,187.50000000000003,1
14645.0,1,240.10000000000002,83,240.10000000000002,0
14646.0,25,110713.12,5,4428.5248,0
14647.0,1,243.22,9,243.22,1
14649.0,2,584.22,20,292.11,1
14651.0,1,416.32,19,416.32,1
14653.0,1,344.81,146,344.81,1
14655.0,1,810.56,30,810.56,1
14656.0,1,133.11,91,133.11,0
14657.0,2,524.4,90,262.2,0
14659.0,4,1165.13,25,291.2825,0
14662.0,3,524.86,42,174.95333333333335,1
14665.0,3,731.66,104,243.88666666666666,1
14667.0,11,3953.81,22,359.4372727272727,0
14669.0,3,1269.99,49,423.33,1
14670.0,2,411.53,88,205.765,1
14672.0,2,765.5500000000001,42,382.77500000000003,1
14673.0,1,373.49,175,373.49,1
14676.0,3,1148.52,15,382.84,0
14680.0,9,14533.88,6,1614.8755555555554,0
14681.0,1,393.95,19,393.95,1
14682.0,1,20.8,9,20.8,0
14684.0,2,519.26,23,259.63,1
14688.0,10,2787.68,6,278.768,0
14689.0,1,112.80000000000001,16,112.80000000000001,1
14691.0,1,439.6,20,439.6,1
14692.0,3,480.3,43,160.1,0
14693.0,1,172.9,72,172.9,1
14696.0,3,872.6,50,290.8666666666667,0
14697.0,2,188.61,26,94.305,1
14699.0,1,109.13000000000001,22,109.13000000000001,1
14700.0,1,721.5500000000001,46,721.5500000000001,0
14701.0,5,1750.75,55,350.15,0
14702.0,6,1222.15,89,203.6916666666667,0
14705.0,1,179.0,6,179.0,1
14708.0,1,419.06,176,419.06,0
14709.0,4,1610.14,23,402.535,0
14711.0,5,1443.84,9,288.768,0
14713.0,6,1202.03,26,200.33833333333334,0
14715.0,2,247.45000000000002,106,123.72500000000001,1
14719.0,1,223.46,57,223.46,0
14723.0,3,471.0,166,157.0,1
14727.0,1,268.58,82,268.58,1
14729.0,1,313.49,181,313.49,1
14730.0,3,555.6,40,185.20000000000002,0
14731.0,2,251.01999999999998,13,125.50999999999999,1
14732.0,3,980.48,28,326.82666666666665,0
14733.0,8,7907.58,12,988.4475,0
14735.0,17,2555.41,4,150.31823529411764,0
14737.0,1,434.0,161,434.0,0
14738.0,4,525.69,7,131.4225,0
14739.0,3,1307.6200000000001,27,435.8733333333334,1
14740.0,3,1448.21,5,482.7366666666667,1
14741.0,2,495.3,169,247.65,0
14744.0,5,928.03,105,185.606,1
14745.0,1,240.60000000000002,93,240.60000000000002,0
14747.0,1,328.2,57,328.2,1
14748.0,3,771.13,20,257.04333333333335,0
14754.0,1,228.27,103,228.27,1
14755.0,4,1862.51,15,465.6275,0
14758.0,3,1206.94,13,402.31333333333333,0
14759.0,1,572.25,40,572.25,0
14760.0,1,89.2,105,89.2,1
14761.0,1,97.5,142,97.5,1
14762.0,1,300.52,71,300.52,1
14766.0,3,1166.21,21,388.7366666666667,0
14769.0,4,5837.35,9,1459.3375,0
14770.0,2,876.4200000000001,40,438.21000000000004,1
14775.0,1,406.56,180,406.56,0
14776.0,3,1074.6,26,358.2,0
14778.0,1,334.05,116,334.05,0
14779.0,3,386.15,88,128.71666666666667,1
14782.0,1,200.10000000000002,127,200.10000000000002,1
14784.0,1,114.68,131,114.68,1
14790.0,1,152.16,61,152.16,0
14794.0,4,679.54,11,169.885,1
14796.0,9,3478.75,25,386.52777777777777,0
14798.0,1,75.68,118,75.68,0
14800.0,6,3195.6,28,532.6,0
14803.0,2,730.7900000000001,83,365.39500000000004,0
14805.0,1,109.25,121,109.25,1
14810.0,8,1278.7,6,159.8375,0
14813.0,2,155.43,177,77.715,1
14816.0,1,271.85,5,271.85,1
14817.0,2,1110.34,8,555.17,1
14818.0,1,118.25,61,118.25,0
14819.0,1,84.72,0,84.72,1
14821.0,1,48.800000000000004,174,48.800000000000004,1
14823.0,2,210.65,2,105.325,0
14825.0,5,1025.8700000000001,12,205.17400000000004,0
14828.0,3,2139.76,4,713.2533333333334,1
14829.0,2,385.33,168,192.665,0
14834.0,1,243.69,48,243.69,0
14837.0,1,492.26,9,492.26,0
14840.0,1,62.85,75,62.85,1
14841.0,3,1781.8500000000001,82,593.95,0
14842.0,1,310.0,116,310.0,0
14844.0,1,874.55,49,874.55,0
14849.0,10,2412.91,21,241.291,0
14850.0,1,325.75,119,325.75,1
14851.0,1,206.13,64,206.13,1
14852.0,1,490.4,60,490.4,0
14853.0,1,214.5,19,214.5,1
14854.0,3,1191.33,35,397.10999999999996,0
14859.0,1,296.86,12,296.86,1
14865.0,1,37.2,180,37.2,1
14866.0,1,103.68,174,103.68,0
14867.0,2,614.14,26,307.07,0
14868.0,1,439.33,41,439.33,0
14870.0,1,327.25,69,327.25,1
14871.0,2,248.6,63,124.3,0
14873.0,1,519.68,18,519.68,1
14875.0,1,362.0,70,362.0,0
14878.0,4,851.74,9,212.935,0
14880.0,1,129.2,96,129.2,0
14883.0,1,310.56,19,310.56,0
14886.0,1,364.8,60,364.8,1
14888.0,1,369.2,15,369.2,1
14889.0,1,135.9,144,135.9,1
14890.0,1,125.65,61,125.65,1
14895.0,3,3919.78,12,1306.5933333333335,0
14896.0,2,468.77000000000004,12,234.38500000000002,1
14897.0,1,175.5,104,175.5,1
14898.0,4,610.93,48,152.7325,0
14901.0,3,497.05,168,165.68333333333334,0
14903.0,3,1800.23,8,600.0766666666667,0
14905.0,1,308.55,41,308.55,0
14907.0,3,960.69,168,320.23,0
14911.0,61,38799.78,5,636.0619672131147,0
14912.0,1,482.79,54,482.79,1
14913.0,2,615.83,81,307.915,0
14915.0,1,142.28,85,142.28,1
14916.0,1,295.05,132,295.05,0
14920.0,2,977.77,20,488.885,1
14921.0,1,903.01,9,903.01,1
14924.0,1,310.05,53,310.05,1
14930.0,1,1104.13,82,1104.13,0
14931.0,2,586.0,14,293.0,1
14932.0,1,363.53,173,363.53,1
14934.0,1,828.84,90,828.84,1
14935.0,1,1784.71,105,1784.71,1
14936.0,1,1576.3600000000001,83,1576.3600000000001,0
14944.0,4,1324.33,25,331.0825,0
14948.0,1,278.40000000000003,27,278.40000000000003,0
14952.0,7,3534.61,14,504.94428571428574,1
14957.0,1,58.49,61,58.49,1
14958.0,1,210.65,53,210.65,0
14959.0,2,422.38,23,211.19,0
14961.0,5,3179.66,40,635.932,0
14962.0,1,126.7,78,126.7,1
14964.0,1,206.21,55,206.21,1
14970.0,2,782.25,60,391.125,0
14973.0,1,654.6,33,654.6,0
14976.0,3,450.26,4,150.08666666666667,1
14978.0,4,1537.28,43,384.32,1
14981.0,1,102.12,54,102.12,1
14985.0,2,296.75,6,148.375,1
14987.0,1,163.2,173,163.2,1
14988.0,1,334.54,19,334.54,1
14995.0,1,119.31,88,119.31,1
14998.0,1,183.64,49,183.64,0
15002.0,3,1147.5900000000001,104,382.53000000000003,0
15005.0,12,2654.8,5,221.23333333333335,0
15012.0,1,191.06,181,191.06,1
15018.0,2,291.34000000000003,60,145.67000000000002,1
15019.0,1,266.0,74,266.0,1
15021.0,3,685.09,26,228.36333333333334,0
15023.0,4,2857.73,26,714.4325,0
15024.0,3,688.09,104,229.36333333333334,0
15026.0,2,230.78,48,115.39,1
15027.0,2,654.12,27,327.06,0
15028.0,1,185.97,176,185.97,1
15030.0,1,152.76,76,152.76,1
15031.0,1,150.83,90,150.83,0
15032.0,3,4959.1,64,1653.0333333333335,1
15033.0,3,1169.14,16,389.71333333333337,0
15034.0,5,2664.83,40,532.966,1
15038.0,3,401.36,23,133.78666666666666,0
15039.0,25,12987.51,6,519.5004,0
15042.0,1,135.93,7,135.93,1
15044.0,11,4505.33,15,409.57545454545453,0
15045.0,1,388.9,65,388.9,0
15046.0,8,2317.46,2,289.6825,0
15047.0,1,343.62,77,343.62,1
15048.0,2,256.45,28,128.225,0
15049.0,1,121.17000000000002,81,121.17000000000002,1
15052.0,1,215.78,127,215.78,1
15053.0,1,222.65,89,222.65,0
15057.0,2,1489.5,83,744.75,1
15058.0,5,740.76,51,148.152,0
15059.0,4,569.02,23,142.255,0
15061.0,29,30722.920000000002,19,1059.4110344827586,0
15062.0,3,814.04,25,271.34666666666664,1
15063.0,1,370.79999999999995,21,370.79999999999995,1
15065.0,2,1406.4,35,703.2,0
15067.0,1,848.05,90,848.05,1
15068.0,1,239.95999999999998,64,239.95999999999998,1
15070.0,1,106.2,180,106.2,1
15071.0,1,588.6700000000001,83,588.6700000000001,1
15078.0,13,3838.46,11,295.2661538461538,0
15079.0,4,895.61,20,223.9025,1
15081.0,2,248.05,16,124.025,1
15083.0,1,88.2,64,88.2,1
15087.0,1,306.94,89,306.94,1
15090.0,1,381.32,116,381.32,1
15092.0,2,457.81,23,228.905,1
15093.0,4,3396.68,14,849.17,0
15095.0,1,770.5,11,770.5,0
15100.0,3,876.0,141,292.0,1
15101.0,1,102.28,167,102.28,1
15104.0,2,1027.44,4,513.72,1
15106.0,2,778.45,19,389.225,0
15107.0,6,319.5,119,53.25,1
15108.0,1,191.4,35,191.4,0
15109.0,1,484.95,53,484.95,1
15110.0,1,169.65,126,169.65,0
15111.0,1,288.5,180,288.5,1
15114.0,3,717.91,25,239.3033333333333,0
15116.0,1,479.65,12,479.65,0
15117.0,1,312.4,23,312.4,0
15119.0,1,266.4,53,266.4,1
15121.0,1,295.15,96,295.15,1
15122.0,2,930.61,12,465.305,0
15123.0,1,1069.47,14,1069.47,1
15125.0,4,7310.72,15,1827.68,0
15128.0,1,483.7,27,483.7,0
15129.0,4,1120.38,18,280.095,0
15132.0,2,489.87,7,244.935,0
15133.0,2,657.9,65,328.95,0
15134.0,2,239.45000000000002,21,119.72500000000001,0
15135.0,1,139.05,47,139.05,1
15139.0,2,178.96,47,89.48,1
15140.0,3,1127.45,6,375.81666666666666,0
15143.0,1,259.45,33,259.45,1
15144.0,5,1695.02,25,339.004,0
15145.0,2,724.03,35,362.015,1
15146.0,1,834.22,99,834.22,0
15147.0,1,623.5,48,623.5,1
15150.0,1,501.25,77,501.25,0
15157.0,1,1085.46,166,1085.46,0
15159.0,11,5026.37,18,456.94272727272727,0
15160.0,1,158.16,165,158.16,1
15163.0,1,155.0,0,155.0,1
15164.0,2,368.18,16,184.09,1
15165.0,1,487.75,181,487.75,1
15167.0,1,163.0,128,163.0,1
15171.0,1,1289.5,139,1289.5,1
15172.0,2,526.2,4,263.1,0
15174.0,1,135.75,130,135.75,1
15178.0,1,40.5,68,40.5,1
15179.0,3,1455.1200000000001,41,485.04,1
15180.0,1,87.5,175,87.5,1
15181.0,1,300.0,77,300.0,0
15182.0,1,370.48,76,370.48,0
15187.0,1,431.6,20,431.6,0
15189.0,15,4921.45,5,328.09666666666664,0
15192.0,1,315.0,173,315.0,0
15194.0,9,3661.1800000000003,6,406.7977777777778,0
15197.0,2,773.25,60,386.625,1
15199.0,2,657.15,43,328.575,1
15201.0,2,602.27,12,301.135,0
15203.0,2,692.9,6,346.45,0
15204.0,1,316.58,165,316.58,1
15206.0,1,17.700000000000003,83,17.700000000000003,0
15208.0,1,65.4,161,65.4,0
15210.0,1,331.18,33,331.18,1
15211.0,1,383.07,173,383.07,1
15212.0,1,101.8,49,101.8,1
15213.0,2,328.35,126,164.175,1
15214.0,1,514.9300000000001,50,514.9300000000001,0
15218.0,3,1757.26,25,585.7533333333333,0
15220.0,3,858.19,11,286.06333333333333,0
15221.0,1,403.25,174,403.25,1
15222.0,1,585.0,126,585.0,1
15223.0,2,755.75,33,377.875,1
15224.0,2,322.08,166,161.04,1
15225.0,1,409.40000000000003,42,409.40000000000003,1
15226.0,1,154.41,118,154.41,1
15227.0,3,876.82,23,292.27333333333337,1
15228.0,1,904.85,102,904.85,0
15230.0,2,429.6,47,214.8,1
15234.0,1,197.0,84,197.0,1
15235.0,12,2247.51,25,187.29250000000002,1
15236.0,1,321.05,106,321.05,1
15237.0,2,1093.65,11,546.825,1
15240.0,2,629.1,49,314.55,0
15241.0,3,965.4,0,321.8,0
15244.0,1,297.94,56,297.94,1
15245.0,1,1251.48,69,1251.48,0
15246.0,2,514.15,46,257.075,1
15249.0,5,2841.37,4,568.274,0
15251.0,2,4095.72,18,2047.86,0
15257.0,1,317.15,91,317.15,1
15258.0,1,315.66,25,315.66,0
15260.0,4,882.6,11,220.65,0
15262.0,1,178.95000000000002,131,178.95000000000002,1
15265.0,1,712.24,43,712.24,0
15266.0,1,119.3,146,119.3,1
15270.0,4,1313.75,46,328.4375,0
15271.0,5,735.61,12,147.122,0
15279.0,1,290.51,162,290.51,1
15281.0,6,1927.41,5,321.235,0
15288.0,3,1624.0,8,541.3333333333334,0
15289.0,1,375.45,57,375.45,0
15290.0,8,2032.57,11,254.07125,0
15291.0,9,2679.59,55,297.7322222222222,0
15292.0,1,180.94,9,180.94,1
15296.0,2,1777.81,20,888.905,0
15298.0,4,1238.44,70,309.61,0
15299.0,4,2435.01,71,608.7525,0
15301.0,4,2104.0,13,526.0,0
15303.0,1,574.02,98,574.02,1
15304.0,5,381.6,26,76.32000000000001,0
15308.0,1,310.47,82,310.47,1
15311.0,43,29666.69,4,689.923023255814,0
15312.0,2,607.9,23,303.95,0
15314.0,1,327.97,7,327.97,1
15316.0,1,165.0,134,165.0,1
15319.0,1,204.5,91,204.5,1
15321.0,1,1159.47,99,1159.47,1
15326.0,1,311.71,141,311.71,1
15332.0,4,1661.06,174,415.265,1
15333.0,1,1028.56,16,1028.56,1
15339.0,1,257.9,126,257.9,1
15346.0,1,252.42000000000002,140,252.42000000000002,1
15347.0,1,201.60000000000002,174,201.60000000000002,1
15350.0,1,115.65,181,115.65,1
15351.0,1,274.67,177,274.67,1
15353.0,2,777.02,62,388.51,1
15356.0,5,1201.81,26,240.362,0
15358.0,11,4363.07,15,396.64272727272726,0
15361.0,1,418.92,169,418.92,1
15363.0,1,326.0,180,326.0,1
15364.0,1,331.8,62,331.8,1
15365.0,1,208.61,123,208.61,1
15366.0,1,105.54,166,105.54,1
15367.0,2,1416.18,53,708.09,1
15370.0,3,1127.94,11,375.98,0
15373.0,6,1191.75,18,198.625,0
15376.0,1,654.17,30,654.17,0
15379.0,5,3263.11,16,652.6220000000001,0
15380.0,1,230.1,173,230.1,0
15381.0,2,596.85,21,298.425,1
15382.0,2,1588.02,18,794.01,0
15384.0,1,303.57,167,303.57,0
15388.0,1,140.54,78,140.54,1
15392.0,1,338.98,168,338.98,1
15393.0,1,124.10000000000001,89,124.10000000000001,1
15394.0,2,1436.44,12,718.22,1
15395.0,1,107.45,133,107.45,1
15397.0,1,94.0,97,94.0,1
15400.0,1,346.1,86,346.1,0
15402.0,1,440.99,4,440.99,0
15406.0,1,252.29,109,252.29,1
15407.0,2,329.86,30,164.93,0
15408.0,1,267.18,72,267.18,1
15410.0,4,1800.89,11,450.2225,0
15414.0,1,36.2,50,36.2,1
15415.0,1,572.8100000000001,121,572.8100000000001,1
15416.0,2,2274.43,47,1137.215,0
15421.0,3,739.36,23,246.45333333333335,1
15422.0,2,97.7,131,48.85,1
15424.0,2,383.34,62,191.67,1
15426.0,2,662.98,65,331.49,1
15433.0,2,533.3,21,266.65,1
15434.0,1,306.96000000000004,8,306.96000000000004,0
15436.0,1,489.05,42,489.05,1
15437.0,1,200.16,70,200.16,1
15440.0,1,125.8,16,125.8,0
15442.0,1,594.0,56,594.0,1
15443.0,1,437.71,128,437.71,0
15445.0,1,113.5,72,113.5,1
15447.0,1,155.17000000000002,138,155.17000000000002,1
15448.0,1,494.64,120,494.64,1
15449.0,1,345.92,69,345.92,0
15452.0,1,247.25,72,247.25,1
15454.0,1,179.1,170,179.1,1
15456.0,3,447.22,91,149.07333333333335,1
15457.0,1,237.07,70,237.07,1
15460.0,1,216.76,162,216.76,1
15464.0,1,1048.85,146,1048.85,1
15465.0,12,5163.46,41,430.28833333333336,0
15482.0,3,1437.44,58,479.1466666666667,0
15483.0,1,114.85,74,114.85,0
15485.0,2,1278.63,144,639.315,1
15489.0,1,348.26,19,348.26,1
15491.0,3,1644.92,26,548.3066666666667,0
15493.0,2,951.25,57,475.625,0
15497.0,1,970.6,127,970.6,1
15498.0,11,5826.81,18,529.71,0
15502.0,4,2640.46,83,660.115,0
15503.0,1,147.09,170,147.09,1
15508.0,3,629.11,27,209.70333333333335,0
15510.0,1,250.0,138,250.0,1
15512.0,1,101.2,167,101.2,0
15513.0,12,6069.46,7,505.78833333333336,0
15514.0,6,2561.94,33,426.99,1
15517.0,1,267.03,41,267.03,1
15518.0,4,987.57,23,246.8925,0
15521.0,4,1667.78,20,416.945,0
15525.0,1,313.93,181,313.93,1
15527.0,3,900.04,27,300.0133333333333,0
15528.0,1,229.33,62,229.33,1
15529.0,7,1932.21,18,276.03000000000003,0
15530.0,1,553.13,54,553.13,0
15532.0,1,356.35,166,356.35,0
15535.0,3,411.39,44,137.13,0
15543.0,1,127.86,96,127.86,1
15544.0,4,1759.47,19,439.8675,0
15545.0,1,135.32999999999998,179,135.32999999999998,1
15547.0,7,2404.53,2,343.50428571428574,0
15549.0,1,942.1,124,942.1,0
15550.0,1,137.9,109,137.9,0
15552.0,1,90.12,25,90.12,1
15554.0,1,217.2,85,217.2,1
15555.0,5,1659.75,9,331.95,0
15561.0,1,265.75,23,265.75,0
15562.0,1,134.55,159,134.55,1
15563.0,2,735.62,8,367.81,1
15569.0,1,288.5,140,288.5,0
15570.0,8,2525.42,14,315.6775,0
15572.0,3,876.04,56,292.0133333333333,0
15574.0,3,590.15,166,196.71666666666667,0
15577.0,1,29.65,113,29.65,0
15579.0,1,199.6,121,199.6,1
15581.0,8,634.96,34,79.37,0
15582.0,1,303.61,28,303.61,1
15587.0,1,344.88,159,344.88,0
15589.0,3,478.53,63,159.51,1
15594.0,1,267.91,42,267.91,1
15596.0,4,1389.69,22,347.4225,1
15599.0,1,448.83,12,448.83,1
15601.0,9,4748.59,11,527.6211111111111,0
15602.0,5,542.95,8,108.59,1
15605.0,3,690.1800000000001,60,230.06000000000003,1
15606.0,6,1826.35,30,304.39166666666665,0
15607.0,1,104.76,144,104.76,1
15611.0,3,331.5,64,110.5,0
15615.0,10,4739.06,20,473.90600000000006,0
15620.0,2,875.01,28,437.505,1
15622.0,5,2602.0,5,520.4,1
15624.0,2,311.40000000000003,14,155.70000000000002,0
15625.0,1,695.33,43,695.33,0
15626.0,1,281.88,137,281.88,1
15628.0,2,691.01,63,345.505,0
15630.0,1,396.86,12,396.86,1
15632.0,3,1242.5,33,414.1666666666667,0
15636.0,1,306.7,90,306.7,1
15640.0,7,5771.61,34,824.5157142857142,0
15641.0,3,1305.38,68,435.1266666666667,0
15643.0,1,337.1,90,337.1,0
15644.0,3,423.19,64,141.06333333333333,0
15646.0,2,340.04,54,170.02,0
15648.0,2,657.35,12,328.675,1
15649.0,2,816.0,144,408.0,1
15651.0,1,227.32,68,227.32,1
15655.0,1,560.6700000000001,51,560.6700000000001,1
15656.0,2,306.86,28,153.43,0
15658.0,4,1016.6,5,254.15,0
15660.0,4,739.02,12,184.755,0
15661.0,2,309.8,125,154.9,1
15665.0,1,1476.22,51,1476.22,0
15668.0,1,76.32000000000001,25,76.32000000000001,1
15669.0,1,198.8,71,198.8,0
15670.0,1,173.05,104,173.05,1
15671.0,3,1033.13,50,344.3766666666667,0
15673.0,2,1785.73,22,892.865,0
15674.0,4,1379.6599999999999,21,344.91499999999996,1
15675.0,1,45.0,88,45.0,0
15676.0,1,897.8,91,897.8,1
15680.0,1,478.89,174,478.89,1
15681.0,1,345.68,88,345.68,0
15687.0,4,1402.45,76,350.6125,0
15689.0,1,103.5,169,103.5,0
15691.0,1,136.8,60,136.8,1
15694.0,7,2676.98,11,382.42571428571426,0
15695.0,2,409.98,74,204.99,1
15696.0,6,1637.9,28,272.98333333333335,1
15703.0,1,211.5,72,211.5,1
15704.0,1,938.85,23,938.85,0
15705.0,1,143.1,9,143.1,1
15708.0,5,2068.3,30,413.66,0
15709.0,1,133.25,91,133.25,1
15712.0,1,299.8,95,299.8,0
15713.0,1,171.15,174,171.15,0
15716.0,3,902.44,9,300.81333333333333,0
15717.0,1,150.3,42,150.3,1
15719.0,7,2430.97,7,347.28142857142853,0
15722.0,1,324.05,98,324.05,0
15723.0,1,203.10000000000002,172,203.10000000000002,1
15724.0,2,218.25,9,109.125,1
15727.0,4,3250.87,6,812.7175,0
15729.0,1,85.0,20,85.0,1
15730.0,1,467.43,14,467.43,1
15732.0,2,294.12,20,147.06,1
15733.0,1,162.3,90,162.3,1
15734.0,1,578.6500000000001,8,578.6500000000001,0
15737.0,1,475.88,50,475.88,0
15738.0,9,2613.04,12,290.3377777777778,0
15745.0,1,302.85,44,302.85,1
15749.0,3,44534.3,43,14844.766666666668,1
15750.0,3,612.5699999999999,91,204.18999999999997,0
15752.0,3,1045.18,57,348.3933333333334,0
15753.0,1,79.2,112,79.2,1
15754.0,1,91.8,54,91.8,1
15755.0,2,620.73,43,310.365,0
15756.0,2,249.12,21,124.56,0
15757.0,1,261.36,25,261.36,1
15759.0,3,253.04000000000002,26,84.34666666666668,1
15764.0,1,1120.93,84,1120.93,0
15768.0,2,479.15,11,239.575,0
15769.0,13,27889.72,5,2145.363076923077,0
15775.0,1,104.9,53,104.9,1
15777.0,4,1047.1100000000001,49,261.77750000000003,1
15780.0,2,402.76000000000005,50,201.38000000000002,0
15781.0,1,83.35,113,83.35,0
15785.0,2,1330.4,5,665.2,0
15789.0,1,351.3,166,351.3,1
15791.0,1,1223.24,12,1223.24,1
15793.0,1,306.64,76,306.64,1
15796.0,3,976.79,8,325.59666666666664,0
15797.0,3,1840.2,22,613.4,0
15799.0,1,320.22,142,320.22,0
15800.0,1,244.5,54,244.5,0
15804.0,1,525.36,6,525.36,0
15805.0,5,2503.78,5,500.75600000000003,0
15806.0,1,300.36,84,300.36,0
15808.0,4,3734.9700000000003,114,933.7425000000001,1
15809.0,3,383.31,12,127.77,0
15810.0,2,854.12,40,427.06,0
15811.0,4,1294.84,13,323.71,0
15812.0,2,764.76,62,382.38,0
15813.0,2,1303.9099999999999,15,651.9549999999999,1
15815.0,3,1394.08,20,464.6933333333333,0
15819.0,2,1177.14,7,588.57,0
15820.0,1,206.98,127,206.98,1
15822.0,1,440.2,167,440.2,1
15823.0,1,15.0,180,15.0,1
15826.0,1,720.0,18,720.0,1
15827.0,9,911.69,23,101.2988888888889,0
15831.0,1,309.94,132,309.94,0
15832.0,1,836.79,62,836.79,1
15834.0,2,1281.37,85,640.685,0
15835.0,2,488.31,68,244.155,0
15838.0,6,6102.9,26,1017.15,0
15841.0,2,613.26,26,306.63,1
15843.0,1,118.95,111,118.95,1
15845.0,3,1537.16,18,512.3866666666667,0
15847.0,1,180.68,96,180.68,1
15852.0,1,103.21000000000001,5,103.21000000000001,0
15854.0,6,1584.39,12,264.065,0
15855.0,3,342.51,14,114.17,0
15856.0,8,6939.47,11,867.43375,0
15858.0,2,816.22,97,408.11,1
15860.0,3,420.26,40,140.08666666666667,0
15861.0,2,722.48,75,361.24,0
15862.0,2,491.01,12,245.505,0
15863.0,1,9.2,0,9.2,1
15864.0,1,242.42000000000002,124,242.42000000000002,0
15865.0,1,313.93,21,313.93,1
15867.0,9,1755.05,4,195.00555555555556,0
15869.0,2,149.64,85,74.82,1
15874.0,5,2162.8,25,432.56000000000006,0
15880.0,1,343.28,177,343.28,1
15881.0,5,501.39,120,100.27799999999999,1
15882.0,4,516.36,6,129.09,1
15885.0,1,15.0,117,15.0,1
15889.0,1,297.92,177,297.92,0
15891.0,1,524.52,34,524.52,1
15894.0,2,263.55,61,131.775,1
15897.0,2,222.05,2,111.025,1
15898.0,4,1002.99,34,250.7475,1
15899.0,1,56.25,176,56.25,1
15903.0,2,641.64,35,320.82,1
15906.0,3,683.16,27,227.72,0
15907.0,1,251.18,18,251.18,0
15910.0,4,550.61,15,137.6525,1
15912.0,1,141.49,41,141.49,0
15916.0,4,735.1800000000001,54,183.79500000000002,0
15917.0,1,123.1,55,123.1,1
15918.0,1,142.0,79,142.0,0
15919.0,1,270.72,176,270.72,1
15922.0,1,369.5,181,369.5,1
15923.0,1,127.08,180,127.08,1
15925.0,1,207.15,2,207.15,1
15932.0,4,1273.25,22,318.3125,0
15935.0,2,416.86,47,208.43,1
15938.0,4,335.3,9,83.825,0
15939.0,9,4632.35,4,514.7055555555556,0
15940.0,1,35.8,119,35.8,1
15944.0,1,325.1,84,325.1,1
15945.0,1,181.0,173,181.0,1
15950.0,1,428.82,167,428.82,0
15951.0,1,375.17,93,375.17,1
15952.0,1,232.65000000000003,33,232.65000000000003,0
15953.0,4,826.14,19,206.535,1
15955.0,3,1445.6200000000001,11,481.8733333333334,0
15965.0,1,156.19,175,156.19,1
15967.0,1,173.8,126,173.8,1
15970.0,1,314.09999999999997,111,314.09999999999997,1
15971.0,4,1086.15,50,271.5375,0
15973.0,1,307.82000000000005,174,307.82000000000005,1
15974.0,3,1573.49,19,524.4966666666667,0
15976.0,1,209.99,28,209.99,0
15980.0,1,760.18,62,760.18,1
15981.0,4,1622.1999999999998,18,405.54999999999995,0
15983.0,3,1148.27,168,382.75666666666666,1
15984.0,5,782.08,41,156.416,0
15985.0,1,899.58,44,899.58,0
15987.0,4,516.08,7,129.02,0
15990.0,1,401.37,95,401.37,1
15996.0,3,655.27,71,218.42333333333332,0
15998.0,2,1782.22,70,891.11,0
16003.0,1,1181.0,167,1181.0,0
16005.0,1,177.59,78,177.59,0
16006.0,1,101.4,19,101.4,1
16007.0,1,369.75,23,369.75,0
16008.0,1,139.15,12,139.15,1
16010.0,3,407.5,53,135.83333333333334,1
16011.0,6,990.84,41,165.14000000000001,0
16013.0,22,12418.62,0,564.4827272727273,0
16014.0,1,262.93,99,262.93,0
16016.0,4,817.57,4,204.3925,1
16019.0,6,2489.5,40,414.9166666666667,0
16022.0,1,628.28,68,628.28,1
16023.0,2,500.69,0,250.345,1
16027.0,3,516.6700000000001,26,172.22333333333336,0
16029.0,29,35776.26,7,1233.6641379310345,0
16030.0,1,331.24,117,331.24,1
16031.0,1,305.63,55,305.63,1
16033.0,11,3277.67,8,297.97,0
16034.0,3,437.70000000000005,4,145.9,1
16036.0,1,188.73000000000002,71,188.73000000000002,1
16037.0,3,855.02,77,285.00666666666666,1
16038.0,1,316.95,9,316.95,0
16040.0,1,422.43,76,422.43,0
16042.0,1,24.95,140,24.95,0
16043.0,3,676.49,19,225.49666666666667,1
16045.0,2,861.25,53,430.625,0
16048.0,2,256.44,181,128.22,1
16055.0,1,134.8,28,134.8,1
16057.0,3,1059.54,19,353.18,1
16059.0,3,647.7,62,215.9,0
16062.0,2,578.18,49,289.09,0
16063.0,1,335.32,68,335.32,1
16065.0,1,372.09,173,372.09,1
16072.0,1,584.3199999999999,96,584.3199999999999,1
16073.0,1,122.4,105,122.4,1
16076.0,1,305.45,16,305.45,0
16078.0,1,79.2,91,79.2,1
16080.0,1,130.26,82,130.26,1
16081.0,2,568.13,67,284.065,0
16083.0,1,337.98,168,337.98,1
16084.0,1,436.18,107,436.18,1
16085.0,2,325.04,44,162.52,1
16086.0,3,587.0600000000001,8,195.6866666666667,1
16091.0,1,157.25,6,157.25,0
16092.0,2,593.73,5,296.865,0
16094.0,1,252.1,27,252.1,1
16096.0,1,320.62,72,320.62,1
16097.0,1,185.04999999999998,48,185.04999999999998,1
16098.0,3,1010.3000000000001,42,336.7666666666667,0
16099.0,1,318.3,33,318.3,0
16103.0,2,534.46,34,267.23,0
16105.0,1,336.96,56,336.96,1
16109.0,2,611.88,26,305.94,1
16110.0,2,693.93,70,346.965,1
16112.0,2,136.14,141,68.07,0
16115.0,3,510.9,20,170.29999999999998,0
16116.0,1,612.78,19,612.78,1
16121.0,1,287.89,23,287.89,1
16122.0,2,249.84,140,124.92,0
16124.0,1,249.0,125,249.0,1
16125.0,1,289.35,175,289.35,1
16126.0,1,891.35,104,891.35,0
16128.0,1,388.3,90,388.3,0
16131.0,2,1664.52,15,832.26,0
16133.0,11,6486.650000000001,4,589.6954545454546,0
16134.0,1,283.53000000000003,167,283.53000000000003,1
16135.0,1,517.55,70,517.55,1
16136.0,1,159.3,85,159.3,1
16139.0,1,139.8,14,139.8,0
16140.0,1,124.14,179,124.14,1
16142.0,1,535.34,57,535.34,1
16143.0,4,1574.17,20,393.5425,0
16144.0,1,175.2,54,175.2,1
16145.0,4,1316.28,34,329.07,0
16146.0,2,659.13,11,329.565,0
16148.0,1,76.32000000000001,104,76.32000000000001,1
16150.0,2,964.48,78,482.24,0
16152.0,1,1829.04,76,1829.04,1
16153.0,2,401.91,25,200.955,0
16156.0,3,1060.57,14,353.5233333333333,0
16159.0,1,348.2,89,348.2,1
16161.0,10,2288.1,6,228.81,0
16162.0,1,37.4,60,37.4,1
16163.0,2,856.6,40,428.3,1
16168.0,9,1251.81,0,139.09,0
16170.0,2,625.58,42,312.79,0
16172.0,1,199.38,49,199.38,0
16175.0,2,466.98,12,233.49,0
16180.0,4,2745.43,18,686.3575,0
16182.0,2,2517.0,11,1258.5,0
16184.0,1,148.22,19,148.22,0
16185.0,1,335.0,40,335.0,1
16186.0,4,1047.21,19,261.8025,0
16187.0,7,2564.64,11,366.3771428571428,0
16188.0,2,565.77,34,282.885,0
16191.0,8,2615.68,70,326.96,1
16193.0,1,314.45,44,314.45,1
16202.0,1,365.27,168,365.27,1
16203.0,2,318.3,35,159.15,0
16206.0,2,288.75,16,144.375,0
16208.0,1,497.59000000000003,97,497.59000000000003,1
16209.0,1,305.95000000000005,54,305.95000000000005,0
16210.0,9,10593.21,21,1177.0233333333333,0
16212.0,1,498.15000000000003,91,498.15000000000003,1
16214.0,2,749.6700000000001,60,374.83500000000004,0
16216.0,1,914.9300000000001,75,914.9300000000001,1
16217.0,2,304.25,43,152.125,1
16218.0,4,1728.76,14,432.19,0
16221.0,2,315.37,83,157.685,1
16222.0,1,846.72,126,846.72,1
16224.0,2,543.21,48,271.605,0
16225.0,2,416.61,85,208.305,0
16226.0,3,255.12,11,85.04,1
16227.0,1,314.22,33,314.22,1
16229.0,1,358.2,20,358.2,1
16230.0,1,275.93,28,275.93,0
16232.0,2,366.47,23,183.235,0
16233.0,2,326.5,137,163.25,1
16235.0,2,344.46,103,172.23,0
16241.0,4,833.96,20,208.49,0
16242.0,2,392.9,22,196.45,0
16244.0,2,1522.75,19,761.375,1
16245.0,1,453.98,64,453.98,0
16249.0,2,1020.53,9,510.265,0
16250.0,2,389.44,69,194.72,1
16253.0,1,1700.4,63,1700.4,1
16255.0,4,1061.67,54,265.4175,0
16256.0,1,752.4300000000001,74,752.4300000000001,1
16258.0,1,1032.46,27,1032.46,0
16261.0,1,254.96,54,254.96,0
16265.0,5,2875.14,68,575.028,0
16266.0,3,371.84,8,123.94666666666666,0
16270.0,1,1141.24,161,1141.24,1
16271.0,1,133.22,166,133.22,0
16274.0,1,357.95,181,357.95,1
16275.0,1,559.87,4,559.87,1
16282.0,1,168.3,147,168.3,1
16283.0,1,277.81,16,277.81,0
16293.0,4,1129.74,15,282.435,1
16297.0,1,301.9,76,301.9,1
16303.0,1,827.1800000000001,141,827.1800000000001,0
16306.0,6,632.27,21,105.37833333333333,1
16308.0,2,960.0,25,480.0,0
16309.0,1,334.2,48,334.2,0
16315.0,1,226.37,138,226.37,1
16316.0,5,1829.11,14,365.822,0
16317.0,1,570.76,105,570.76,0
16319.0,1,404.40000000000003,25,404.40000000000003,1
16320.0,1,852.6800000000001,21,852.6800000000001,0
16321.0,3,223.65,113,74.55,1
16323.0,1,207.50000000000003,4,207.50000000000003,1
16325.0,1,190.82000000000002,53,190.82000000000002,0
16326.0,3,535.6800000000001,22,178.56000000000003,0
16327.0,4,2469.64,7,617.41,1
16332.0,1,122.3,113,122.3,0
16333.0,16,13087.2,0,817.95,0
16339.0,1,109.95,92,109.95,1
16341.0,1,797.65,9,797.65,1
16348.0,2,455.7,48,227.85,0
16349.0,1,53.5,98,53.5,1
16350.0,1,376.7,141,376.7,1
16351.0,1,153.9,140,153.9,1
16353.0,11,2155.28,25,195.93454545454549,0
16356.0,3,211.77,5,70.59,1
16357.0,1,137.9,21,137.9,0
16359.0,5,1016.26,22,203.252,0
16365.0,3,489.35999999999996,61,163.11999999999998,0
16367.0,1,170.91,170,170.91,1
16369.0,1,354.45,4,354.45,1
16370.0,1,275.54,33,275.54,0
16374.0,1,156.3,70,156.3,1
16377.0,1,676.2,75,676.2,1
16378.0,3,362.95,55,120.98333333333333,1
16383.0,1,309.46,76,309.46,1
16384.0,1,409.1,71,409.1,1
16385.0,1,148.23000000000002,174,148.23000000000002,0
16386.0,1,61.10000000000001,61,61.10000000000001,1
16387.0,1,94.36,130,94.36,1
16389.0,2,670.1700000000001,13,335.08500000000004,1
16392.0,1,221.19,77,221.19,1
16393.0,5,839.22,23,167.844,0
16394.0,2,619.3,56,309.65,0
16395.0,2,450.56,131,225.28,0
16398.0,1,1169.95,61,1169.95,0
16399.0,1,178.41,43,178.41,1
16401.0,5,1661.89,18,332.37800000000004,0
16402.0,2,299.6,72,149.8,1
16403.0,1,177.5,120,177.5,1
16405.0,2,167.25,110,83.625,1
16407.0,5,794.74,2,158.948,0
16409.0,2,803.5600000000001,50,401.78000000000003,0
16411.0,1,131.5,177,131.5,1
16414.0,1,50.8,88,50.8,1
16418.0,1,145.91,34,145.91,1
16419.0,2,516.93,83,258.465,0
16422.0,26,17583.36,8,676.2830769230769,0
16425.0,1,302.7,110,302.7,1
16426.0,1,328.37,84,328.37,1
16427.0,2,241.06,71,120.53,1
16431.0,3,642.81,21,214.26999999999998,1
16434.0,3,724.22,0,241.40666666666667,1
16440.0,1,272.46,22,272.46,1
16441.0,1,211.0,99,211.0,1
16442.0,2,437.03,35,218.515,1
16444.0,2,240.08,2,120.04,1
16446.0,1,2.9,13,2.9,1
16448.0,1,188.89000000000001,6,188.89000000000001,1
16449.0,2,707.69,5,353.845,1
16455.0,5,1133.78,12,226.756,1
16456.0,3,1576.6100000000001,35,525.5366666666667,0
16457.0,1,208.36,26,208.36,1
16458.0,6,1139.4,25,189.9,0
16462.0,1,34.0,91,34.0,0
16463.0,1,319.37,12,319.37,1
16466.0,2,324.07000000000005,16,162.03500000000003,0
16469.0,2,276.88,54,138.44,1
16470.0,2,345.66,0,172.83,0
16471.0,1,223.95000000000002,82,223.95000000000002,1
16473.0,2,217.81,95,108.905,0
16475.0,1,310.0,81,310.0,0
16477.0,5,1552.51,22,310.502,0
16483.0,1,139.35,0,139.35,1
16493.0,2,367.8,93,183.9,0
16494.0,1,826.53,104,826.53,1
16495.0,2,246.51,84,123.255,1
16496.0,2,1185.04,15,592.52,1
16497.0,5,1550.7,11,310.14,1
16499.0,2,365.45,168,182.725,1
16500.0,1,165.0,138,165.0,1
16503.0,3,1093.39,22,364.46333333333337,0
16509.0,1,363.70000000000005,104,363.70000000000005,1
16510.0,1,248.1,180,248.1,1
16511.0,1,340.75,74,340.75,0
16515.0,2,622.33,54,311.165,0
16517.0,1,162.70000000000002,85,162.70000000000002,1
16518.0,1,190.7,92,190.7,1
16519.0,1,103.7,173,103.7,1
16520.0,2,622.92,47,311.46,0
16523.0,8,2835.6,7,354.45,0
16525.0,14,7088.29,4,506.30642857142857,0
16531.0,3,484.83,102,161.60999999999999,0
16532.0,1,1910.4,146,1910.4,0
16539.0,3,1053.61,27,351.2033333333333,1
16546.0,2,787.15,98,393.575,1
16549.0,1,119.49000000000001,142,119.49000000000001,0
16550.0,2,1038.91,43,519.455,0
16551.0,1,311.07,144,311.07,0
16552.0,2,379.73,50,189.865,1
16553.0,9,4731.18,13,525.6866666666667,0
16554.0,2,314.11,30,157.055,1
16556.0,4,1638.82,9,409.705,0
16558.0,10,3450.58,0,345.058,0
16560.0,1,332.18,166,332.18,1
16565.0,1,173.7,172,173.7,1
16566.0,2,280.12,0,140.06,0
16567.0,2,865.6,2,432.8,1
16570.0,3,1473.23,13,491.07666666666665,0
16571.0,1,436.68,89,436.68,0
16572.0,1,342.58,83,342.58,0
16573.0,1,292.63,98,292.63,1
16583.0,1,233.45,181,233.45,1
16584.0,1,611.94,62,611.94,1
16586.0,1,463.95,56,463.95,1
16587.0,1,225.15,40,225.15,1
16592.0,6,1152.83,9,192.13833333333332,0
16593.0,1,69.6,135,69.6,0
16596.0,1,120.65,174,120.65,1
16598.0,1,145.05,93,145.05,1
16600.0,2,237.46,61,118.73,1
16607.0,7,1717.06,15,245.2942857142857,0
16609.0,3,1987.6200000000001,5,662.5400000000001,0
16610.0,1,75.66,27,75.66,1
16612.0,1,280.05,119,280.05,0
16617.0,1,151.85,43,151.85,1
16618.0,4,1441.29,18,360.3225,1
16619.0,1,226.21,71,226.21,1
16620.0,1,95.75999999999999,68,95.75999999999999,1
16621.0,2,490.7,23,245.35,0
16623.0,1,129.45000000000002,53,129.45000000000002,1
16624.0,1,426.43,5,426.43,1
16625.0,1,333.08,82,333.08,1
16626.0,1,795.75,74,795.75,0
16628.0,2,712.91,26,356.455,0
16633.0,1,447.52000000000004,42,447.52000000000004,0
16634.0,2,217.9,30,108.95,1
16637.0,1,303.62,33,303.62,0
16638.0,6,1211.44,65,201.90666666666667,0
16639.0,2,471.15000000000003,14,235.57500000000002,1
16642.0,1,307.73,15,307.73,1
16643.0,1,487.51,53,487.51,1
16644.0,1,722.41,20,722.41,0
16647.0,1,127.75,12,127.75,0
16652.0,3,3054.62,20,1018.2066666666666,0
16654.0,2,501.85,43,250.925,0
16655.0,1,812.25,139,812.25,0
16656.0,6,3557.48,0,592.9133333333333,0
16657.0,1,242.55,62,242.55,0
16658.0,1,123.24,176,123.24,1
16660.0,2,384.36,18,192.18,1
16665.0,1,135.4,170,135.4,1
16667.0,1,203.35,92,203.35,1
16668.0,2,122.58,22,61.29,0
16670.0,5,1948.22,55,389.644,0
16672.0,8,3488.34,12,436.0425,0
16676.0,3,1098.5,21,366.1666666666667,1
16678.0,5,1266.65,5,253.33,0
16679.0,1,129.75,174,129.75,1
16681.0,3,875.84,13,291.94666666666666,0
16684.0,13,25075.94,13,1928.9184615384615,0
16686.0,4,1229.57,2,307.3925,0
16690.0,1,86.5,9,86.5,1
16692.0,2,1276.0,64,638.0,1
16693.0,1,157.56,79,157.56,1
16696.0,3,558.9,11,186.29999999999998,0
16697.0,1,112.75,49,112.75,1
16698.0,2,1998.0,34,999.0,1
16700.0,7,2948.23,9,421.17571428571426,0
16701.0,5,1895.17,13,379.034,0
16705.0,8,6608.49,15,826.06125,0
16709.0,4,1984.5900000000001,7,496.14750000000004,1
16710.0,6,1637.64,15,272.94,0
16711.0,2,598.8,110,299.4,0
16712.0,4,1204.37,20,301.0925,0
16713.0,8,2611.63,43,326.45375,0
16714.0,3,1161.53,26,387.1766666666667,1
16716.0,2,901.2,74,450.6,1
16717.0,1,307.25,174,307.25,0
16718.0,1,623.75,177,623.75,1
16719.0,4,978.23,43,244.5575,0
16721.0,1,292.47,70,292.47,1
16722.0,5,1963.26,8,392.652,0
16725.0,7,781.02,110,111.57428571428571,1
16726.0,4,795.19,4,198.7975,1
16727.0,1,272.82,172,272.82,1
16728.0,2,326.93,44,163.465,0
16729.0,9,2834.13,8,314.90333333333336,0
16730.0,2,480.94,42,240.47,1
16735.0,2,1097.92,47,548.96,1
16738.0,1,3.75,105,3.75,1
16743.0,3,1061.75,19,353.9166666666667,0
16745.0,9,3588.03,19,398.67,0
16746.0,8,2889.18,2,361.1475,0
16748.0,3,910.2,25,303.40000000000003,1
16750.0,1,118.7,40,118.7,0
16752.0,1,207.5,180,207.5,1
16754.0,1,2002.4,180,2002.4,1
16755.0,2,908.47,34,454.235,0
16756.0,1,239.4,22,239.4,1
16757.0,1,106.83000000000001,126,106.83000000000001,1
16763.0,1,611.8499999999999,6,611.8499999999999,1
16765.0,1,34.0,102,34.0,1
16766.0,2,1145.6,81,572.8,1
16767.0,3,2649.06,27,883.02,0
16768.0,1,183.25,79,183.25,0
16769.0,1,380.39,68,380.39,1
16770.0,4,656.48,44,164.12,1
16771.0,3,1655.95,83,551.9833333333333,1
16775.0,4,691.8,13,172.95,0
16777.0,1,177.25,65,177.25,1
16778.0,1,93.18,82,93.18,1
16779.0,10,3780.76,27,378.076,0
16780.0,1,161.89,67,161.89,1
16781.0,1,311.25,180,311.25,1
16782.0,7,1348.3,12,192.6142857142857,0
16788.0,1,297.17,62,297.17,0
16791.0,4,576.15,21,144.0375,0
16792.0,2,110.38,90,55.19,1
16795.0,1,414.88,173,414.88,1
16801.0,3,1478.88,0,492.96000000000004,0
16804.0,1,118.05,78,118.05,1
16805.0,1,214.76999999999998,168,214.76999999999998,0
16806.0,2,414.37,28,207.185,0
16807.0,2,651.83,23,325.915,0
16808.0,1,166.5,82,166.5,1
16809.0,2,343.08,16,171.54,0
16810.0,1,309.54,0,309.54,1
16812.0,1,479.35,168,479.35,1
16813.0,1,206.25,12,206.25,0
16814.0,12,4172.86,0,347.7383333333333,0
16816.0,2,325.45,121,162.725,0
16817.0,6,949.25,26,158.20833333333334,0
16818.0,2,726.24,9,363.12,0
16823.0,1,358.38,35,358.38,1
16832.0,2,136.65,11,68.325,0
16833.0,3,671.2900000000001,67,223.76333333333335,1
16834.0,1,413.46,35,413.46,1
16835.0,1,81.75,181,81.75,0
16837.0,8,1814.74,5,226.8425,0
16838.0,2,588.85,5,294.425,1
16839.0,13,6641.1900000000005,4,510.8607692307693,0
16841.0,2,636.5,21,318.25,0
16842.0,1,520.5699999999999,110,520.5699999999999,0
16843.0,6,3841.9,5,640.3166666666667,0
16850.0,1,332.41,141,332.41,1
16858.0,1,375.69000000000005,176,375.69000000000005,1
16859.0,1,259.84,69,259.84,0
16863.0,1,164.25,174,164.25,1
16871.0,4,2037.82,18,509.455,1
16873.0,3,3233.45,5,1077.8166666666666,0
16875.0,3,805.09,104,268.36333333333334,0
16877.0,1,77.75,16,77.75,0
16882.0,2,215.70000000000002,47,107.85000000000001,1
16883.0,1,128.03,179,128.03,0
16885.0,1,190.65,165,190.65,1
16889.0,3,1578.67,2,526.2233333333334,1
16891.0,1,232.26,179,232.26,0
16893.0,1,145.93,174,145.93,1
16897.0,2,289.78,107,144.89,1
16898.0,1,116.08,176,116.08,0
16899.0,2,347.55,15,173.775,0
16904.0,6,1288.17,33,214.69500000000002,0
16905.0,3,853.9300000000001,44,284.6433333333334,1
16906.0,2,213.64000000000001,13,106.82000000000001,0
16907.0,3,584.0,42,194.66666666666666,0
16912.0,5,1165.66,15,233.132,0
16913.0,1,113.44,98,113.44,1
16915.0,2,166.79,56,83.395,0
16916.0,1,198.08,180,198.08,1
16917.0,1,391.52,84,391.52,1
16918.0,1,275.78,125,275.78,0
16919.0,9,2055.35,0,228.3722222222222,0
16923.0,9,3160.52,7,351.1688888888889,0
16926.0,1,230.25,179,230.25,1
16927.0,2,341.45,84,170.725,0
16928.0,6,950.11,23,158.35166666666666,0
16931.0,9,1903.11,2,211.45666666666665,0
16933.0,1,224.73,47,224.73,1
16938.0,1,267.6,116,267.6,0
16940.0,1,757.68,97,757.68,0
16942.0,3,577.96,27,192.65333333333334,0
16943.0,3,816.73,19,272.24333333333334,1
16945.0,8,1773.68,9,221.71,0
16947.0,1,406.48,43,406.48,1
16948.0,2,240.54,69,120.27,0
16949.0,3,505.75,26,168.58333333333334,0
16950.0,1,172.0,175,172.0,0
16951.0,1,1053.79,112,1053.79,0
16954.0,3,941.48,62,313.82666666666665,0
16955.0,3,354.98,144,118.32666666666667,0
16957.0,2,416.64,47,208.32,1
16960.0,1,201.53,60,201.53,1
16965.0,1,201.19,34,201.19,1
16966.0,3,1154.4,5,384.8,0
16976.0,1,251.51999999999998,75,251.51999999999998,1
16979.0,1,347.15,105,347.15,0
16980.0,2,1078.96,63,539.48,1
16983.0,3,622.34,79,207.4466666666667,0
16985.0,6,2915.36,19,485.8933333333334,0
16987.0,1,213.05,13,213.05,0
16990.0,1,179.0,26,179.0,1
16992.0,2,671.15,7,335.575,1
16996.0,4,700.8800000000001,53,175.22000000000003,0
16997.0,3,702.0,96,234.0,1
16998.0,3,287.1,12,95.7,0
17001.0,5,1801.94,15,360.38800000000003,0
17002.0,2,993.52,23,496.76,1
17007.0,4,462.73,9,115.6825,0
17017.0,11,4493.82,12,408.5290909090909,0
17018.0,1,405.0,133,405.0,1
17019.0,3,995.93,69,331.97666666666663,1
17025.0,2,160.97,181,80.485,1
17026.0,1,33.15,177,33.15,0
17027.0,3,443.88,91,147.96,0
17029.0,1,358.0,44,358.0,0
17033.0,2,608.1,22,304.05,1
17034.0,1,141.79999999999998,95,141.79999999999998,1
17035.0,2,433.53000000000003,53,216.76500000000001,1
17041.0,1,304.5,168,304.5,0
17042.0,2,495.39,4,247.695,0
17043.0,1,174.6,74,174.6,0
17045.0,1,39.95,55,39.95,0
17047.0,2,749.4300000000001,13,374.71500000000003,1
17048.0,2,760.4000000000001,90,380.20000000000005,0
17049.0,3,1581.8,22,527.2666666666667,0
17050.0,4,2200.84,58,550.21,0
17051.0,1,247.14,2,247.14,1
17054.0,3,918.82,15,306.27333333333337,0
17058.0,2,819.6600000000001,7,409.83000000000004,1
17059.0,3,1510.67,5,503.5566666666667,0
17060.0,1,234.24,74,234.24,1
17061.0,7,3250.23,0,464.31857142857143,0
17062.0,4,538.37,121,134.5925,1
17063.0,2,319.37,97,159.685,0
17064.0,1,147.85,135,147.85,0
17068.0,10,2336.1,12,233.60999999999999,0
17069.0,4,1073.07,34,268.2675,0
17071.0,3,791.83,47,263.9433333333333,0
17075.0,3,696.07,61,232.02333333333334,1
17076.0,2,334.2,81,167.1,1
17080.0,1,76.32000000000001,77,76.32000000000001,1
17082.0,1,636.94,126,636.94,1
17083.0,2,996.02,103,498.01,0
17085.0,4,1218.9,58,304.725,0
17088.0,1,1015.83,61,1015.83,0
17090.0,3,649.05,35,216.35,1
17091.0,3,1393.72,48,464.5733333333333,0
17092.0,1,134.9,85,134.9,0
17094.0,1,302.0,130,302.0,1
17095.0,2,543.96,107,271.98,1
17096.0,1,133.49,69,133.49,0
17097.0,2,287.64,132,143.82,0
17102.0,1,25.5,69,25.5,1
17105.0,1,319.4,114,319.4,0
17107.0,2,4118.81,16,2059.405,0
17109.0,2,464.59000000000003,40,232.29500000000002,1
17114.0,4,446.09,16,111.5225,0
17115.0,1,310.02,41,310.02,0
17117.0,1,116.2,96,116.2,1
17118.0,1,157.02,125,157.02,1
17120.0,1,307.46,41,307.46,1
17126.0,2,515.27,107,257.635,0
17128.0,1,157.09,142,157.09,1
17133.0,2,1041.67,54,520.835,0
17134.0,1,330.5,72,330.5,0
17135.0,2,500.55,97,250.275,1
17138.0,1,380.5,83,380.5,1
17139.0,4,4705.9,18,1176.475,0
17140.0,1,465.32,55,465.32,1
17142.0,1,579.0,47,579.0,1
17146.0,2,563.88,71,281.94,0
17147.0,2,973.11,14,486.555,1
17152.0,3,1689.5,2,563.1666666666666,1
17158.0,2,698.5500000000001,40,349.27500000000003,1
17160.0,2,1205.07,33,602.535,0
17162.0,5,819.3100000000001,53,163.86200000000002,0
17164.0,2,943.22,20,471.61,0
17165.0,1,158.68,92,158.68,1
17166.0,1,127.59,11,127.59,1
17171.0,1,224.91,97,224.91,1
17174.0,1,59.9,25,59.9,1
17175.0,1,519.08,104,519.08,0
17176.0,1,306.13,9,306.13,1
17179.0,2,488.31,40,244.155,0
17180.0,3,564.86,49,188.28666666666666,1
17181.0,1,155.52,181,155.52,1
17187.0,1,203.95,34,203.95,1
17188.0,3,1424.44,123,474.81333333333333,0
17189.0,1,227.22,167,227.22,0
17190.0,1,195.0,15,195.0,1
17191.0,4,820.88,88,205.22,0
17194.0,2,262.62,81,131.31,1
17198.0,2,521.66,173,260.83,1
17204.0,2,1250.16,49,625.08,0
17211.0,5,1253.94,41,250.788,0
17212.0,1,226.85,61,226.85,1
17213.0,3,936.95,124,312.31666666666666,0
17214.0,4,613.67,57,153.4175,1
17217.0,1,113.5,42,113.5,1
17218.0,5,948.58,22,189.716,1
17220.0,5,1464.78,14,292.956,0
17223.0,2,426.79,118,213.395,1
17226.0,1,393.49,116,393.49,1
17227.0,2,366.15,64,183.075,0
17228.0,4,687.58,15,171.895,1
17230.0,8,3638.41,72,454.80125,1
17231.0,5,1339.86,23,267.972,0
17235.0,1,341.90000000000003,180,341.90000000000003,1
17236.0,4,563.82,50,140.955,0
17238.0,8,1363.6,14,170.45,0
17239.0,1,382.5,120,382.5,1
17243.0,11,2864.1,44,260.3727272727273,0
17245.0,1,171.45000000000002,12,171.45000000000002,1
17250.0,1,162.65,69,162.65,1
17251.0,1,283.28000000000003,170,283.28000000000003,1
17255.0,1,112.46,107,112.46,1
17256.0,1,127.9,120,127.9,0
17259.0,1,381.64,176,381.64,0
17262.0,4,955.3600000000001,35,238.84000000000003,1
17263.0,1,63.440000000000005,16,63.440000000000005,1
17268.0,2,276.48,51,138.24,0
17272.0,2,1409.44,7,704.72,1
17277.0,2,1065.3500000000001,35,532.6750000000001,1
17278.0,1,246.04000000000002,49,246.04000000000002,1
17282.0,1,741.85,107,741.85,0
17284.0,2,928.4499999999999,43,464.22499999999997,0
17287.0,4,500.34,13,125.085,0
17288.0,5,663.7,15,132.74,1
17291.0,1,550.8000000000001,116,550.8000000000001,1
17293.0,2,469.35,116,234.675,0
17302.0,2,303.12,16,151.56,0
17303.0,1,250.04,169,250.04,1
17306.0,8,3195.66,12,399.4575,0
17311.0,1,556.46,124,556.46,1
17314.0,3,787.0,64,262.3333333333333,0
17315.0,19,2639.79,9,138.9363157894737,0
17320.0,2,910.1,44,455.05,1
17323.0,2,297.37,23,148.685,0
17324.0,2,702.23,139,351.115,1
17325.0,1,96.8,88,96.8,1
17329.0,1,243.36,123,243.36,1
17334.0,2,307.02000000000004,110,153.51000000000002,1
17337.0,3,1994.92,19,664.9733333333334,0
17338.0,5,3643.25,13,728.65,0
17339.0,1,60.0,173,60.0,1
17340.0,4,5802.81,0,1450.7025,0
17341.0,1,513.6,174,513.6,0
17343.0,1,193.64,163,193.64,1
17345.0,2,128.33,4,64.165,1
17346.0,5,799.14,12,159.828,0
17348.0,1,160.15,105,160.15,1
17351.0,1,198.6,81,198.6,0
17356.0,1,178.22,119,178.22,1
17358.0,2,365.85,111,182.925,1
17361.0,1,45.0,99,45.0,0
17362.0,2,312.23,47,156.115,1
17364.0,5,2101.85,12,420.37,0
17365.0,4,1897.19,7,474.2975,0
17367.0,1,168.4,46,168.4,1
17368.0,3,888.92,67,296.3066666666667,0
17371.0,1,97.63,169,97.63,1
17372.0,4,745.3000000000001,51,186.32500000000002,0
17373.0,1,145.25,120,145.25,0
17374.0,2,495.77,26,247.885,1
17375.0,3,400.1,7,133.36666666666667,1
17376.0,1,105.85,119,105.85,1
17377.0,7,1597.6200000000001,63,228.23142857142858,0
17381.0,16,13818.13,11,863.633125,0
17384.0,1,227.64999999999998,27,227.64999999999998,1
17388.0,2,763.2,19,381.6,0
17389.0,13,4979.92,7,383.07076923076926,0
17392.0,2,457.91,114,228.955,1
17394.0,1,203.86999999999998,27,203.86999999999998,1
17396.0,1,397.5,179,397.5,0
17398.0,2,528.45,18,264.225,0
17400.0,4,1312.52,18,328.13,0
17402.0,4,784.37,41,196.0925,0
17404.0,6,13853.62,19,2308.936666666667,0
17406.0,3,2200.42,141,733.4733333333334,1
17409.0,1,260.55,56,260.55,0
17410.0,1,302.4,23,302.4,1
17411.0,1,285.58,69,285.58,1
17412.0,4,709.82,4,177.455,1
17416.0,3,3448.01,5,1149.3366666666668,0
17418.0,1,167.39000000000001,131,167.39000000000001,1
17419.0,7,2045.8,57,292.25714285714287,0
17420.0,1,130.85,181,130.85,0
17422.0,2,628.07,28,314.035,0
17423.0,1,449.42,25,449.42,1
17426.0,1,1193.88,90,1193.88,0
17428.0,13,7288.82,20,560.6784615384615,0
17429.0,1,186.86,26,186.86,0
17430.0,1,112.6,173,112.6,1
17431.0,1,403.3,121,403.3,1
17436.0,1,122.4,34,122.4,1
17438.0,1,388.45000000000005,61,388.45000000000005,1
17440.0,2,124.62,55,62.31,0
17442.0,2,814.83,28,407.415,0
17443.0,1,534.24,27,534.24,1
17446.0,1,68.1,118,68.1,0
17449.0,3,1322.69,42,440.8966666666667,1
17450.0,14,55760.26,0,3982.8757142857144,0
17454.0,4,517.53,0,129.3825,1
17455.0,1,131.7,11,131.7,1
17456.0,1,249.86,173,249.86,1
17457.0,4,1397.6399999999999,12,349.40999999999997,0
17460.0,5,462.58000000000004,33,92.516,1
17462.0,1,463.40999999999997,92,463.40999999999997,1
17463.0,2,943.76,41,471.88,0
17469.0,1,305.36,12,305.36,0
17470.0,3,623.11,25,207.70333333333335,0
17472.0,2,451.02,96,225.51,0
17486.0,1,396.87,69,396.87,1
17489.0,1,208.56,20,208.56,1
17491.0,3,1189.86,68,396.61999999999995,0
17492.0,1,374.57,56,374.57,1
17496.0,1,271.05,166,271.05,1
17499.0,1,622.88,97,622.88,1
17501.0,2,288.6,28,144.3,1
17504.0,9,2997.03,14,333.00333333333333,1
17505.0,1,486.99,13,486.99,0
17507.0,2,605.58,69,302.79,1
17508.0,1,387.31,88,387.31,1
17511.0,15,35750.4,14,2383.36,0
17512.0,6,1302.42,8,217.07000000000002,0
17515.0,3,571.37,14,190.45666666666668,1
17516.0,3,455.21,25,151.73666666666665,0
17517.0,1,153.94,116,153.94,1
17519.0,3,955.6,14,318.53333333333336,0
17521.0,1,159.56,7,159.56,1
17522.0,2,248.42,14,124.21,0
17524.0,1,145.0,169,145.0,1
17525.0,1,422.7,167,422.7,1
17526.0,3,872.8,98,290.93333333333334,1
17527.0,1,292.11,26,292.11,0
17530.0,6,1367.86,14,227.97666666666666,1
17535.0,1,164.4,88,164.4,1
17537.0,1,630.7,111,630.7,1
17540.0,1,268.8,124,268.8,1
17542.0,1,170.75,77,170.75,1
17548.0,1,103.3,41,103.3,1
17550.0,3,267.16,5,89.05333333333334,1
17551.0,1,306.84,167,306.84,1
17552.0,2,298.52,180,149.26,1
17555.0,1,195.45,142,195.45,1
17556.0,1,157.9,13,157.9,1
17560.0,2,486.05,12,243.025,0
17567.0,4,1873.97,41,468.4925,0
17569.0,1,344.14,140,344.14,1
17571.0,2,359.95,85,179.975,0
17572.0,2,152.20000000000002,46,76.10000000000001,1
17574.0,1,185.65,50,185.65,1
17576.0,9,1440.03,22,160.00333333333333,0
17578.0,1,143.45999999999998,26,143.45999999999998,1
17580.0,3,215.72,60,71.90666666666667,1
17581.0,10,3419.56,21,341.956,0
17582.0,1,175.27,44,175.27,1
17585.0,2,521.53,71,260.765,0
17588.0,1,397.20000000000005,40,397.20000000000005,0
17589.0,1,590.77,48,590.77,0
17591.0,5,1649.5700000000002,11,329.91400000000004,0
17593.0,1,662.9,160,662.9,0
17594.0,1,315.0,62,315.0,1
17596.0,2,746.91,56,373.455,0
17597.0,1,2044.3700000000001,21,2044.3700000000001,1
17601.0,1,116.00999999999999,47,116.00999999999999,1
17602.0,1,767.0500000000001,132,767.0500000000001,0
17604.0,2,309.36,25,154.68,1
17609.0,2,537.6899999999999,110,268.84499999999997,1
17611.0,6,2021.94,9,336.99,0
17612.0,2,665.75,22,332.875,0
17613.0,7,2527.01,2,361.0014285714286,0
17615.0,2,272.3,11,136.15,0
17616.0,2,408.0,62,204.0,0
17618.0,2,666.78,56,333.39,1
17619.0,1,218.52,120,218.52,1
17621.0,2,901.7800000000001,120,450.89000000000004,1
17624.0,1,400.3,26,400.3,1
17625.0,1,549.6800000000001,65,549.6800000000001,0
17629.0,3,606.1899999999999,22,202.0633333333333,0
17630.0,1,335.5,40,335.5,0
17631.0,1,302.55,40,302.55,0
17634.0,5,1814.67,20,362.934,0
17639.0,1,108.5,84,108.5,1
17643.0,1,101.55,181,101.55,1
17644.0,3,921.77,11,307.25666666666666,0
17646.0,3,1008.39,27,336.13,1
17648.0,3,1107.39,0,369.13000000000005,1
17652.0,2,632.24,41,316.12,0
17654.0,1,117.55,85,117.55,1
17655.0,4,1602.7,18,400.675,0
17658.0,1,317.6,19,317.6,1
17659.0,4,1070.24,7,267.56,0
17663.0,3,790.8100000000001,6,263.60333333333335,0
17664.0,1,326.19,20,326.19,1
17667.0,3,1356.67,19,452.22333333333336,0
17669.0,3,1611.0,18,537.0,0
17670.0,1,205.7,35,205.7,1
17671.0,2,786.73,19,393.365,0
17672.0,1,1177.84,117,1177.84,1
17673.0,2,780.06,74,390.03,0
17674.0,1,300.66,176,300.66,1
17675.0,12,7506.150000000001,12,625.5125,0
17676.0,1,300.7,174,300.7,0
17677.0,11,6262.93,20,569.3572727272727,0
17678.0,1,298.11,71,298.11,1
17682.0,3,1107.41,0,369.1366666666667,0
17685.0,5,1512.72,74,302.544,1
17686.0,4,3036.75,8,759.1875,0
17690.0,8,2132.3,9,266.5375,0
17691.0,2,290.40000000000003,166,145.20000000000002,1
17692.0,3,623.46,34,207.82000000000002,0
17696.0,3,493.84000000000003,85,164.61333333333334,0
17697.0,1,338.95,44,338.95,1
17698.0,1,154.95,68,154.95,1
17700.0,2,1125.57,21,562.785,1
17701.0,1,417.95,60,417.95,1
17702.0,1,439.8,14,439.8,0
17704.0,1,387.29,47,387.29,0
17705.0,3,357.3,23,119.10000000000001,0
17706.0,4,888.85,97,222.2125,0
17707.0,1,83.7,144,83.7,0
17708.0,1,110.6,132,110.6,0
17711.0,1,220.53000000000003,97,220.53000000000003,1
17714.0,1,153.0,128,153.0,1
17715.0,1,326.4,8,326.4,1
17716.0,2,1451.62,57,725.81,0
17718.0,1,139.35,40,139.35,1
17719.0,4,1665.61,7,416.4025,0
17720.0,2,532.38,33,266.19,0
17722.0,2,1743.58,132,871.79,0
17723.0,2,746.8000000000001,8,373.40000000000003,0
17725.0,4,1269.63,0,317.4075,0
17730.0,4,1445.39,41,361.3475,0
17732.0,1,303.97,180,303.97,1
17733.0,1,216.95000000000002,69,216.95000000000002,1
17734.0,1,112.98,41,112.98,0
17735.0,8,5019.01,26,627.37625,0
17738.0,1,779.9200000000001,90,779.9200000000001,0
17739.0,3,1070.77,4,356.92333333333335,1
17742.0,1,302.57,140,302.57,0
17744.0,4,1288.96,58,322.24,1
17746.0,1,110.25,48,110.25,1
17749.0,1,369.01,64,369.01,0
17752.0,1,80.64,167,80.64,1
17754.0,1,264.24,68,264.24,0
17757.0,14,2318.9,11,165.6357142857143,0
17758.0,3,1054.83,16,351.60999999999996,0
17760.0,1,172.54,181,172.54,1
17763.0,1,15.0,71,15.0,1
17764.0,1,261.97,19,261.97,1
17765.0,2,262.55,18,131.275,0
17769.0,2,884.76,86,442.38,0
17770.0,5,1143.27,6,228.654,1
17771.0,1,115.8,131,115.8,1
17774.0,2,594.99,57,297.495,0
17775.0,1,56.4,62,56.4,1
17781.0,1,102.0,61,102.0,0
17783.0,1,112.41,55,112.41,1
17786.0,1,114.85,125,114.85,1
17787.0,3,1716.17,112,572.0566666666667,0
17789.0,1,225.9,89,225.9,1
17790.0,9,897.01,6,99.66777777777777,0
17795.0,1,163.25,72,163.25,0
17796.0,3,622.0,121,207.33333333333334,1
17799.0,6,1388.33,50,231.38833333333332,0
17800.0,3,354.85,25,118.28333333333335,0
17802.0,1,100.2,180,100.2,0
17809.0,6,2650.7000000000003,25,441.78333333333336,0
17811.0,17,3918.48,7,230.49882352941177,0
17812.0,1,217.54999999999998,176,217.54999999999998,1
17816.0,2,21.31,77,10.655,1
17817.0,2,269.7,85,134.85,1
17819.0,5,2869.02,2,573.804,0
17827.0,4,1583.81,50,395.9525,1
17829.0,1,889.24,106,889.24,1
17830.0,2,287.65000000000003,69,143.82500000000002,1
17838.0,3,1687.7,100,562.5666666666667,1
17841.0,47,11529.62,0,245.31106382978726,0
17843.0,1,205.48,111,205.48,1
17848.0,4,388.37,57,97.0925,0
17849.0,4,605.8000000000001,26,151.45000000000002,1
17850.0,34,5391.21,180,158.565,1
17854.0,1,111.76,35,111.76,0
17855.0,1,208.97,180,208.97,1
17856.0,3,1142.63,41,380.8766666666667,1
17857.0,9,8783.84,14,975.9822222222223,0
17858.0,6,2619.7999999999997,69,436.63333333333327,0
17859.0,1,148.21,112,148.21,1
17860.0,1,252.8,176,252.8,1
17861.0,2,457.98,61,228.99,0
17862.0,1,330.9,131,330.9,1
17863.0,3,1371.9,62,457.3,0
17864.0,1,208.41,83,208.41,1
17865.0,7,4161.66,12,594.5228571428571,0
17867.0,2,604.0500000000001,11,302.02500000000003,0
17869.0,3,310.96,23,103.65333333333332,0
17870.0,1,326.4,174,326.4,0
17871.0,1,155.9,12,155.9,1
17873.0,3,1190.98,48,396.99333333333334,0
17874.0,5,560.7,33,112.14000000000001,0
17880.0,1,458.92,172,458.92,1
17881.0,1,133.35,112,133.35,1
17883.0,1,119.35,54,119.35,1
17884.0,3,602.84,119,200.9466666666667,1
17886.0,2,396.26,18,198.13,1
17888.0,3,178.78,20,59.593333333333334,0
17889.0,2,203.87,20,101.935,1
17890.0,2,602.09,130,301.045,1
17893.0,1,112.25,33,112.25,1
17894.0,6,867.85,93,144.64166666666668,1
17897.0,2,434.62,175,217.31,0
17898.0,1,99.84,15,99.84,1
17905.0,2,394.15,160,197.075,0
17906.0,1,72.9,55,72.9,1
17908.0,1,243.28,181,243.28,1
17912.0,5,311.01,118,62.202,1
17913.0,1,218.05,163,218.05,1
17917.0,2,230.46,64,115.23,1
17920.0,5,1573.59,8,314.71799999999996,0
17921.0,1,280.57,74,280.57,0
17923.0,1,207.50000000000003,90,207.50000000000003,1
17924.0,2,502.2,109,251.1,1
17925.0,1,244.08,180,244.08,1
17926.0,1,211.73000000000002,11,211.73000000000002,0
17928.0,1,78.25999999999999,54,78.25999999999999,1
17929.0,2,435.0,62,217.5,0
17930.0,1,390.6,47,390.6,0
17931.0,1,297.2,63,297.2,0
17932.0,1,589.01,19,589.01,0
17937.0,4,3327.48,65,831.87,0
17940.0,5,3461.94,26,692.388,0
17946.0,2,149.57999999999998,41,74.78999999999999,1
17949.0,13,9058.8,0,696.8307692307692,0
17950.0,2,263.17,173,131.585,1
17951.0,2,409.50000000000006,166,204.75000000000003,1
17954.0,7,1181.3,34,168.75714285714284,0
17955.0,4,557.3,6,139.325,1
17956.0,1,12.75,57,12.75,1
17961.0,20,874.39,4,43.7195,0
17964.0,1,261.76,180,261.76,1
17965.0,6,1330.03,60,221.67166666666665,0
17966.0,1,147.0,69,147.0,0
17967.0,1,123.07,179,123.07,1
17968.0,1,277.35,181,277.35,1
17969.0,1,125.2,169,125.2,0
17970.0,1,582.59,19,582.59,1
17972.0,1,136.04,49,136.04,1
17974.0,1,172.77,27,172.77,1
17975.0,7,2781.12,0,397.30285714285714,0
17976.0,1,353.19,180,353.19,1
17978.0,1,300.91999999999996,173,300.91999999999996,1
17979.0,2,241.67,67,120.835,0
17980.0,2,562.75,12,281.375,0
17988.0,1,64.99000000000001,134,64.99000000000001,0
17990.0,3,630.84,44,210.28,1
17991.0,2,93.35,33,46.675,1
17994.0,2,329.15,81,164.575,0
17995.0,1,76.1,89,76.1,1
17999.0,1,190.34,174,190.34,1
18004.0,1,169.47,170,169.47,1
18008.0,7,2065.41,11,295.0585714285714,1
18009.0,1,257.34,43,257.34,1
18010.0,1,174.8,64,174.8,1
18011.0,1,102.78999999999999,181,102.78999999999999,1
18016.0,2,324.75,123,162.375,0
18017.0,1,165.0,118,165.0,0
18018.0,1,37.45,7,37.45,0
18032.0,1,73.5,142,73.5,1
18036.0,1,110.8,53,110.8,0
18037.0,5,60.82,33,12.164,0
18040.0,1,239.00000000000003,53,239.00000000000003,1
18041.0,13,2631.0099999999998,21,202.3853846153846,0
18043.0,2,451.81,14,225.905,1
18044.0,6,883.21,6,147.20166666666668,0
18048.0,2,172.29000000000002,11,86.14500000000001,1
18050.0,1,74.4,167,74.4,1
18055.0,6,3362.53,11,560.4216666666667,0
18056.0,1,363.65,96,363.65,1
18061.0,5,1190.6200000000001,14,238.12400000000002,0
18062.0,2,485.92,28,242.96,0
18064.0,1,408.0,43,408.0,0
18065.0,6,1147.73,27,191.28833333333333,0
18068.0,1,101.7,97,101.7,1
18069.0,2,689.56,43,344.78,0
18071.0,2,453.0,65,226.5,1
18073.0,2,241.08,4,120.54,0
18074.0,1,489.6,181,489.6,1
18075.0,6,1270.72,12,211.78666666666666,0
18077.0,4,879.38,34,219.845,0
18078.0,2,336.13,25,168.065,1
18079.0,1,1612.83,46,1612.83,0
18080.0,1,841.4999999999999,50,841.4999999999999,1
18085.0,2,689.95,138,344.975,1
18086.0,1,101.34,82,101.34,1
18087.0,1,3202.92,98,3202.92,1
18092.0,5,3996.24,35,799.2479999999999,0
18093.0,2,1117.52,105,558.76,0
18094.0,3,1777.2,26,592.4,0
18095.0,2,580.05,120,290.025,1
18097.0,3,1456.56,13,485.52,0
18102.0,15,64642.11,14,4309.474,0
18106.0,1,430.7,137,430.7,1
18108.0,1,271.0,62,271.0,1
18109.0,11,2484.43,2,225.85727272727271,0
18113.0,1,76.32000000000001,176,76.32000000000001,1
18114.0,1,220.1,98,220.1,1
18116.0,7,1254.47,42,179.21,1
18118.0,14,3327.93,15,237.7092857142857,0
18119.0,1,181.12,175,181.12,1
18120.0,1,111.15,22,111.15,1
18125.0,3,945.14,9,315.0466666666667,1
18129.0,1,112.55000000000001,51,112.55000000000001,1
18133.0,1,931.5,20,931.5,1
18136.0,2,600.85,19,300.425,1
18138.0,1,152.65,103,152.65,1
18142.0,1,282.48,23,282.48,0
18144.0,7,1605.65,20,229.37857142857143,0
18145.0,2,1023.78,12,511.89,1
18146.0,1,76.65,28,76.65,0
18149.0,2,549.68,23,274.84,1
18150.0,1,227.57999999999998,9,227.57999999999998,0
18151.0,1,312.55,97,312.55,0
18155.0,1,113.93,99,113.93,0
18156.0,1,206.23000000000002,177,206.23000000000002,1
18159.0,1,530.15,109,530.15,1
18160.0,1,318.55,8,318.55,1
18161.0,2,546.32,60,273.16,0
18168.0,5,1054.79,12,210.958,0
18170.0,1,304.21,25,304.21,0
18171.0,2,464.59000000000003,46,232.29500000000002,0
18172.0,7,3720.16,19,531.4514285714286,0
18173.0,3,1728.8400000000001,7,576.2800000000001,1
18176.0,1,476.35,166,476.35,1
18177.0,4,713.65,12,178.4125,0
18178.0,3,1099.94,27,366.6466666666667,0
18179.0,4,1103.16,60,275.79,1
18183.0,2,632.07,35,316.035,1
18185.0,1,304.25,57,304.25,1
18188.0,1,426.6,98,426.6,1
18189.0,1,633.1,75,633.1,1
18190.0,2,284.46000000000004,0,142.23000000000002,1
18191.0,1,207.8,69,207.8,1
18196.0,1,450.78,98,450.78,1
18198.0,10,3175.11,11,317.511,0
18202.0,3,1396.99,7,465.66333333333336,1
18204.0,1,549.4300000000001,0,549.4300000000001,0
18210.0,1,142.4,75,142.4,1
18211.0,1,137.9,86,137.9,0
18212.0,1,248.42,134,248.42,1
18213.0,1,232.48000000000002,44,232.48000000000002,1
18218.0,2,662.08,19,331.04,1
18219.0,5,912.3100000000001,22,182.46200000000002,0
18220.0,1,305.28,34,305.28,1
18221.0,1,234.47,19,234.47,0
18223.0,7,2757.48,13,393.92571428571426,0
18224.0,1,158.95000000000002,71,158.95000000000002,1
18225.0,5,1668.07,12,333.614,0
18226.0,5,2212.92,6,442.584,0
18227.0,1,93.75,25,93.75,1
18229.0,8,2858.7,6,357.3375,0
18230.0,3,1254.3,15,418.09999999999997,0
18231.0,5,2083.27,0,416.654,1
18232.0,2,370.98,0,185.49,0
18233.0,1,440.0,133,440.0,1
18235.0,1,430.46000000000004,25,430.46000000000004,0
18236.0,1,123.2,48,123.2,0
18239.0,5,1561.6100000000001,26,312.322,1
18241.0,1,365.83,25,365.83,0
18242.0,2,694.08,4,347.04,1
18245.0,4,1306.29,19,326.5725,0
18246.0,1,232.9,41,232.9,1
18250.0,1,349.27,118,349.27,1
18257.0,3,721.2,14,240.4,0
18259.0,1,376.3,174,376.3,1
18260.0,5,2216.07,13,443.21400000000006,0
18263.0,1,307.6,60,307.6,0
18269.0,1,168.60000000000002,174,168.60000000000002,1
18270.0,1,111.95,74,111.95,1
18272.0,2,980.54,33,490.27,0
18273.0,1,51.0,65,51.0,1
18280.0,1,180.60000000000002,85,180.60000000000002,1
18283.0,5,535.05,8,107.00999999999999,0
18287.0,1,765.28,9,765.28,1
